input_cif,action_prompt,output_cif
input_cifs\mp-1013842.cif,Swap atoms at indices 18 and 62 in the cif file.,mp-1013842_processed.cif
input_cifs\mp-1015026.cif,Swap atoms at indices 6 and 2 in the cif file.,mp-1015026_processed.cif
input_cifs\mp-1016569.cif,Swap atoms at indices 5 and 12 in the cif file.,mp-1016569_processed.cif
input_cifs\mp-1016660.cif,Swap atoms at indices 1 and 9 in the cif file.,mp-1016660_processed.cif
input_cifs\mp-1020181.cif,Swap atoms at indices 13 and 39 in the cif file.,mp-1020181_processed.cif
input_cifs\mp-1020716.cif,Swap atoms at indices 23 and 5 in the cif file.,mp-1020716_processed.cif
input_cifs\mp-1021278.cif,Swap atoms at indices 6 and 14 in the cif file.,mp-1021278_processed.cif
input_cifs\mp-1021658.cif,Swap atoms at indices 13 and 11 in the cif file.,mp-1021658_processed.cif
input_cifs\mp-1021682.cif,Swap atoms at indices 0 and 3 in the cif file.,mp-1021682_processed.cif
input_cifs\mp-1022203.cif,Swap atoms at indices 15 and 3 in the cif file.,mp-1022203_processed.cif
input_cifs\mp-1026634.cif,Swap atoms at indices 15 and 12 in the cif file.,mp-1026634_processed.cif
input_cifs\mp-1026773.cif,Swap atoms at indices 0 and 3 in the cif file.,mp-1026773_processed.cif
input_cifs\mp-1026775.cif,Swap atoms at indices 6 and 15 in the cif file.,mp-1026775_processed.cif
input_cifs\mp-1026818.cif,Swap atoms at indices 1 and 2 in the cif file.,mp-1026818_processed.cif
input_cifs\mp-1026852.cif,Swap atoms at indices 1 and 3 in the cif file.,mp-1026852_processed.cif
input_cifs\mp-1026901.cif,Swap atoms at indices 14 and 8 in the cif file.,mp-1026901_processed.cif
input_cifs\mp-1027134.cif,Swap atoms at indices 9 and 0 in the cif file.,mp-1027134_processed.cif
input_cifs\mp-1027152.cif,Swap atoms at indices 9 and 11 in the cif file.,mp-1027152_processed.cif
input_cifs\mp-1027852.cif,Swap atoms at indices 15 and 1 in the cif file.,mp-1027852_processed.cif
input_cifs\mp-1027965.cif,Swap atoms at indices 10 and 15 in the cif file.,mp-1027965_processed.cif
input_cifs\mp-1027971.cif,Swap atoms at indices 7 and 0 in the cif file.,mp-1027971_processed.cif
input_cifs\mp-1028124.cif,Swap atoms at indices 2 and 15 in the cif file.,mp-1028124_processed.cif
input_cifs\mp-1028136.cif,Swap atoms at indices 15 and 9 in the cif file.,mp-1028136_processed.cif
input_cifs\mp-1028229.cif,Swap atoms at indices 3 and 14 in the cif file.,mp-1028229_processed.cif
input_cifs\mp-1028374.cif,Swap atoms at indices 13 and 0 in the cif file.,mp-1028374_processed.cif
input_cifs\mp-1028383.cif,Swap atoms at indices 14 and 7 in the cif file.,mp-1028383_processed.cif
input_cifs\mp-1028854.cif,Swap atoms at indices 6 and 3 in the cif file.,mp-1028854_processed.cif
input_cifs\mp-1029113.cif,Swap atoms at indices 2 and 6 in the cif file.,mp-1029113_processed.cif
input_cifs\mp-1029368.cif,Swap atoms at indices 7 and 2 in the cif file.,mp-1029368_processed.cif
input_cifs\mp-1031131.cif,Swap atoms at indices 4 and 10 in the cif file.,mp-1031131_processed.cif
input_cifs\mp-1032360.cif,Swap atoms at indices 7 and 3 in the cif file.,mp-1032360_processed.cif
input_cifs\mp-1033383.cif,Swap atoms at indices 10 and 7 in the cif file.,mp-1033383_processed.cif
input_cifs\mp-1034355.cif,Swap atoms at indices 13 and 30 in the cif file.,mp-1034355_processed.cif
input_cifs\mp-1035597.cif,Swap atoms at indices 14 and 23 in the cif file.,mp-1035597_processed.cif
input_cifs\mp-1035800.cif,Swap atoms at indices 23 and 10 in the cif file.,mp-1035800_processed.cif
input_cifs\mp-1037450.cif,Swap atoms at indices 25 and 55 in the cif file.,mp-1037450_processed.cif
input_cifs\mp-1038247.cif,Swap atoms at indices 50 and 24 in the cif file.,mp-1038247_processed.cif
input_cifs\mp-1038590.cif,Swap atoms at indices 6 and 35 in the cif file.,mp-1038590_processed.cif
input_cifs\mp-1038638.cif,Swap atoms at indices 42 and 10 in the cif file.,mp-1038638_processed.cif
input_cifs\mp-1039951.cif,Swap atoms at indices 45 and 16 in the cif file.,mp-1039951_processed.cif
input_cifs\mp-1040370.cif,Swap atoms at indices 31 and 22 in the cif file.,mp-1040370_processed.cif
input_cifs\mp-1041045.cif,Swap atoms at indices 5 and 35 in the cif file.,mp-1041045_processed.cif
input_cifs\mp-1041056.cif,Swap atoms at indices 28 and 14 in the cif file.,mp-1041056_processed.cif
input_cifs\mp-1041213.cif,Swap atoms at indices 7 and 18 in the cif file.,mp-1041213_processed.cif
input_cifs\mp-1042028.cif,Swap atoms at indices 8 and 5 in the cif file.,mp-1042028_processed.cif
input_cifs\mp-1042158.cif,Swap atoms at indices 2 and 12 in the cif file.,mp-1042158_processed.cif
input_cifs\mp-1042205.cif,Swap atoms at indices 5 and 8 in the cif file.,mp-1042205_processed.cif
input_cifs\mp-1042378.cif,Swap atoms at indices 13 and 37 in the cif file.,mp-1042378_processed.cif
input_cifs\mp-1042415.cif,Swap atoms at indices 51 and 5 in the cif file.,mp-1042415_processed.cif
input_cifs\mp-1042656.cif,Swap atoms at indices 4 and 6 in the cif file.,mp-1042656_processed.cif
input_cifs\mp-1042677.cif,Swap atoms at indices 3 and 15 in the cif file.,mp-1042677_processed.cif
input_cifs\mp-1042685.cif,Swap atoms at indices 48 and 25 in the cif file.,mp-1042685_processed.cif
input_cifs\mp-1042896.cif,Swap atoms at indices 12 and 3 in the cif file.,mp-1042896_processed.cif
input_cifs\mp-1043828.cif,Swap atoms at indices 23 and 9 in the cif file.,mp-1043828_processed.cif
input_cifs\mp-1044049.cif,Swap atoms at indices 15 and 43 in the cif file.,mp-1044049_processed.cif
input_cifs\mp-1044636.cif,Swap atoms at indices 46 and 20 in the cif file.,mp-1044636_processed.cif
input_cifs\mp-1045786.cif,Swap atoms at indices 8 and 18 in the cif file.,mp-1045786_processed.cif
input_cifs\mp-1045992.cif,Swap atoms at indices 3 and 9 in the cif file.,mp-1045992_processed.cif
input_cifs\mp-1046286.cif,Swap atoms at indices 7 and 19 in the cif file.,mp-1046286_processed.cif
input_cifs\mp-1047007.cif,Swap atoms at indices 3 and 9 in the cif file.,mp-1047007_processed.cif
input_cifs\mp-1047085.cif,Swap atoms at indices 13 and 4 in the cif file.,mp-1047085_processed.cif
input_cifs\mp-1047504.cif,Swap atoms at indices 3 and 2 in the cif file.,mp-1047504_processed.cif
input_cifs\mp-1047641.cif,Swap atoms at indices 0 and 7 in the cif file.,mp-1047641_processed.cif
input_cifs\mp-1047798.cif,Swap atoms at indices 5 and 16 in the cif file.,mp-1047798_processed.cif
input_cifs\mp-1048141.cif,Swap atoms at indices 22 and 1 in the cif file.,mp-1048141_processed.cif
input_cifs\mp-1048241.cif,Swap atoms at indices 10 and 25 in the cif file.,mp-1048241_processed.cif
input_cifs\mp-1048742.cif,Swap atoms at indices 10 and 25 in the cif file.,mp-1048742_processed.cif
input_cifs\mp-1048819.cif,Swap atoms at indices 23 and 1 in the cif file.,mp-1048819_processed.cif
input_cifs\mp-10543.cif,Swap atoms at indices 0 and 7 in the cif file.,mp-10543_processed.cif
input_cifs\mp-1073454.cif,Swap atoms at indices 6 and 20 in the cif file.,mp-1073454_processed.cif
input_cifs\mp-1073857.cif,Swap atoms at indices 8 and 2 in the cif file.,mp-1073857_processed.cif
input_cifs\mp-1074382.cif,Swap atoms at indices 13 and 5 in the cif file.,mp-1074382_processed.cif
input_cifs\mp-1075115.cif,Swap atoms at indices 9 and 3 in the cif file.,mp-1075115_processed.cif
input_cifs\mp-1076171.cif,Swap atoms at indices 9 and 37 in the cif file.,mp-1076171_processed.cif
input_cifs\mp-1076264.cif,Swap atoms at indices 29 and 6 in the cif file.,mp-1076264_processed.cif
input_cifs\mp-1080179.cif,Swap atoms at indices 5 and 1 in the cif file.,mp-1080179_processed.cif
input_cifs\mp-1080349.cif,Swap atoms at indices 4 and 14 in the cif file.,mp-1080349_processed.cif
input_cifs\mp-1080354.cif,Swap atoms at indices 9 and 2 in the cif file.,mp-1080354_processed.cif
input_cifs\mp-1080713.cif,Swap atoms at indices 5 and 0 in the cif file.,mp-1080713_processed.cif
input_cifs\mp-1094804.cif,Swap atoms at indices 10 and 0 in the cif file.,mp-1094804_processed.cif
input_cifs\mp-1095083.cif,Swap atoms at indices 3 and 6 in the cif file.,mp-1095083_processed.cif
input_cifs\mp-1095476.cif,Swap atoms at indices 8 and 6 in the cif file.,mp-1095476_processed.cif
input_cifs\mp-1095575.cif,Swap atoms at indices 0 and 6 in the cif file.,mp-1095575_processed.cif
input_cifs\mp-1095585.cif,Swap atoms at indices 1 and 4 in the cif file.,mp-1095585_processed.cif
input_cifs\mp-1095643.cif,Swap atoms at indices 1 and 8 in the cif file.,mp-1095643_processed.cif
input_cifs\mp-1095675.cif,Swap atoms at indices 0 and 5 in the cif file.,mp-1095675_processed.cif
input_cifs\mp-1095677.cif,Swap atoms at indices 3 and 9 in the cif file.,mp-1095677_processed.cif
input_cifs\mp-1096913.cif,Swap atoms at indices 6 and 3 in the cif file.,mp-1096913_processed.cif
input_cifs\mp-1099100.cif,Swap atoms at indices 5 and 15 in the cif file.,mp-1099100_processed.cif
input_cifs\mp-1100340.cif,Swap atoms at indices 16 and 5 in the cif file.,mp-1100340_processed.cif
input_cifs\mp-1100512.cif,Swap atoms at indices 9 and 16 in the cif file.,mp-1100512_processed.cif
input_cifs\mp-1100602.cif,Swap atoms at indices 29 and 7 in the cif file.,mp-1100602_processed.cif
input_cifs\mp-1100645.cif,Swap atoms at indices 30 and 9 in the cif file.,mp-1100645_processed.cif
input_cifs\mp-1100655.cif,Swap atoms at indices 0 and 18 in the cif file.,mp-1100655_processed.cif
input_cifs\mp-1100709.cif,Swap atoms at indices 7 and 1 in the cif file.,mp-1100709_processed.cif
input_cifs\mp-1100895.cif,Swap atoms at indices 13 and 2 in the cif file.,mp-1100895_processed.cif
input_cifs\mp-1101365.cif,Swap atoms at indices 35 and 19 in the cif file.,mp-1101365_processed.cif
input_cifs\mp-1101490.cif,Swap atoms at indices 13 and 64 in the cif file.,mp-1101490_processed.cif
input_cifs\mp-1101729.cif,Swap atoms at indices 35 and 16 in the cif file.,mp-1101729_processed.cif
input_cifs\mp-1101899.cif,Swap atoms at indices 10 and 4 in the cif file.,mp-1101899_processed.cif
input_cifs\mp-1102433.cif,Swap atoms at indices 3 and 8 in the cif file.,mp-1102433_processed.cif
input_cifs\mp-1102534.cif,Swap atoms at indices 7 and 3 in the cif file.,mp-1102534_processed.cif
input_cifs\mp-1102795.cif,Swap atoms at indices 2 and 10 in the cif file.,mp-1102795_processed.cif
input_cifs\mp-1102865.cif,Swap atoms at indices 11 and 3 in the cif file.,mp-1102865_processed.cif
input_cifs\mp-1102948.cif,Swap atoms at indices 1 and 2 in the cif file.,mp-1102948_processed.cif
input_cifs\mp-1102963.cif,Swap atoms at indices 1 and 6 in the cif file.,mp-1102963_processed.cif
input_cifs\mp-1103212.cif,Swap atoms at indices 3 and 9 in the cif file.,mp-1103212_processed.cif
input_cifs\mp-1103303.cif,Swap atoms at indices 8 and 0 in the cif file.,mp-1103303_processed.cif
input_cifs\mp-1103651.cif,Swap atoms at indices 11 and 3 in the cif file.,mp-1103651_processed.cif
input_cifs\mp-1104386.cif,Swap atoms at indices 10 and 1 in the cif file.,mp-1104386_processed.cif
input_cifs\mp-1104404.cif,Swap atoms at indices 12 and 8 in the cif file.,mp-1104404_processed.cif
input_cifs\mp-1104448.cif,Swap atoms at indices 24 and 9 in the cif file.,mp-1104448_processed.cif
input_cifs\mp-1105372.cif,Swap atoms at indices 11 and 14 in the cif file.,mp-1105372_processed.cif
input_cifs\mp-1105581.cif,Swap atoms at indices 0 and 15 in the cif file.,mp-1105581_processed.cif
input_cifs\mp-1105587.cif,Swap atoms at indices 14 and 4 in the cif file.,mp-1105587_processed.cif
input_cifs\mp-1105631.cif,Swap atoms at indices 17 and 5 in the cif file.,mp-1105631_processed.cif
input_cifs\mp-1105736.cif,Swap atoms at indices 10 and 1 in the cif file.,mp-1105736_processed.cif
input_cifs\mp-1105952.cif,Swap atoms at indices 14 and 29 in the cif file.,mp-1105952_processed.cif
input_cifs\mp-1105985.cif,Swap atoms at indices 14 and 4 in the cif file.,mp-1105985_processed.cif
input_cifs\mp-1106159.cif,Swap atoms at indices 17 and 0 in the cif file.,mp-1106159_processed.cif
input_cifs\mp-1110626.cif,Swap atoms at indices 2 and 4 in the cif file.,mp-1110626_processed.cif
input_cifs\mp-1110754.cif,Swap atoms at indices 7 and 2 in the cif file.,mp-1110754_processed.cif
input_cifs\mp-1111211.cif,Swap atoms at indices 5 and 1 in the cif file.,mp-1111211_processed.cif
input_cifs\mp-1111610.cif,Swap atoms at indices 0 and 8 in the cif file.,mp-1111610_processed.cif
input_cifs\mp-1111940.cif,Swap atoms at indices 1 and 6 in the cif file.,mp-1111940_processed.cif
input_cifs\mp-1112257.cif,Swap atoms at indices 9 and 1 in the cif file.,mp-1112257_processed.cif
input_cifs\mp-1112416.cif,Swap atoms at indices 1 and 2 in the cif file.,mp-1112416_processed.cif
input_cifs\mp-11143.cif,Swap atoms at indices 27 and 18 in the cif file.,mp-11143_processed.cif
input_cifs\mp-11145.cif,Swap atoms at indices 26 and 9 in the cif file.,mp-11145_processed.cif
input_cifs\mp-1120749.cif,Swap atoms at indices 12 and 0 in the cif file.,mp-1120749_processed.cif
input_cifs\mp-11250.cif,Swap atoms at indices 9 and 6 in the cif file.,mp-11250_processed.cif
input_cifs\mp-1157680.cif,Swap atoms at indices 4 and 12 in the cif file.,mp-1157680_processed.cif
input_cifs\mp-1173361.cif,Swap atoms at indices 5 and 2 in the cif file.,mp-1173361_processed.cif
input_cifs\mp-1173548.cif,Swap atoms at indices 6 and 11 in the cif file.,mp-1173548_processed.cif
input_cifs\mp-1173561.cif,Swap atoms at indices 5 and 36 in the cif file.,mp-1173561_processed.cif
input_cifs\mp-1173706.cif,Swap atoms at indices 37 and 0 in the cif file.,mp-1173706_processed.cif
input_cifs\mp-1173883.cif,Swap atoms at indices 4 and 6 in the cif file.,mp-1173883_processed.cif
input_cifs\mp-1174010.cif,Swap atoms at indices 12 and 0 in the cif file.,mp-1174010_processed.cif
input_cifs\mp-1174079.cif,Swap atoms at indices 17 and 7 in the cif file.,mp-1174079_processed.cif
input_cifs\mp-1174299.cif,Swap atoms at indices 4 and 9 in the cif file.,mp-1174299_processed.cif
input_cifs\mp-1174536.cif,Swap atoms at indices 0 and 18 in the cif file.,mp-1174536_processed.cif
input_cifs\mp-1174549.cif,Swap atoms at indices 22 and 0 in the cif file.,mp-1174549_processed.cif
input_cifs\mp-1174561.cif,Swap atoms at indices 11 and 24 in the cif file.,mp-1174561_processed.cif
input_cifs\mp-1174631.cif,Swap atoms at indices 10 and 15 in the cif file.,mp-1174631_processed.cif
input_cifs\mp-1174708.cif,Swap atoms at indices 8 and 15 in the cif file.,mp-1174708_processed.cif
input_cifs\mp-1175060.cif,Swap atoms at indices 15 and 10 in the cif file.,mp-1175060_processed.cif
input_cifs\mp-1175670.cif,Swap atoms at indices 29 and 9 in the cif file.,mp-1175670_processed.cif
input_cifs\mp-1175676.cif,Swap atoms at indices 14 and 24 in the cif file.,mp-1175676_processed.cif
input_cifs\mp-1175716.cif,Swap atoms at indices 10 and 19 in the cif file.,mp-1175716_processed.cif
input_cifs\mp-1176074.cif,Swap atoms at indices 14 and 20 in the cif file.,mp-1176074_processed.cif
input_cifs\mp-1176243.cif,Swap atoms at indices 27 and 11 in the cif file.,mp-1176243_processed.cif
input_cifs\mp-1176471.cif,Swap atoms at indices 11 and 4 in the cif file.,mp-1176471_processed.cif
input_cifs\mp-1176486.cif,Swap atoms at indices 1 and 35 in the cif file.,mp-1176486_processed.cif
input_cifs\mp-1176593.cif,Swap atoms at indices 0 and 17 in the cif file.,mp-1176593_processed.cif
input_cifs\mp-1176664.cif,Swap atoms at indices 0 and 20 in the cif file.,mp-1176664_processed.cif
input_cifs\mp-1176678.cif,Swap atoms at indices 21 and 8 in the cif file.,mp-1176678_processed.cif
input_cifs\mp-1176692.cif,Swap atoms at indices 8 and 3 in the cif file.,mp-1176692_processed.cif
input_cifs\mp-1176965.cif,Swap atoms at indices 33 and 31 in the cif file.,mp-1176965_processed.cif
input_cifs\mp-1177279.cif,Swap atoms at indices 7 and 27 in the cif file.,mp-1177279_processed.cif
input_cifs\mp-1177537.cif,Swap atoms at indices 4 and 20 in the cif file.,mp-1177537_processed.cif
input_cifs\mp-1177559.cif,Swap atoms at indices 61 and 10 in the cif file.,mp-1177559_processed.cif
input_cifs\mp-1177564.cif,Swap atoms at indices 26 and 75 in the cif file.,mp-1177564_processed.cif
input_cifs\mp-1177801.cif,Swap atoms at indices 20 and 2 in the cif file.,mp-1177801_processed.cif
input_cifs\mp-1178026.cif,Swap atoms at indices 1 and 2 in the cif file.,mp-1178026_processed.cif
input_cifs\mp-1178085.cif,Swap atoms at indices 5 and 12 in the cif file.,mp-1178085_processed.cif
input_cifs\mp-1178148.cif,Swap atoms at indices 3 and 11 in the cif file.,mp-1178148_processed.cif
input_cifs\mp-1178259.cif,Swap atoms at indices 10 and 30 in the cif file.,mp-1178259_processed.cif
input_cifs\mp-1178586.cif,Swap atoms at indices 21 and 84 in the cif file.,mp-1178586_processed.cif
input_cifs\mp-1180130.cif,Swap atoms at indices 11 and 46 in the cif file.,mp-1180130_processed.cif
input_cifs\mp-1180252.cif,Swap atoms at indices 15 and 17 in the cif file.,mp-1180252_processed.cif
input_cifs\mp-1180744.cif,Swap atoms at indices 14 and 0 in the cif file.,mp-1180744_processed.cif
input_cifs\mp-1180763.cif,Swap atoms at indices 11 and 26 in the cif file.,mp-1180763_processed.cif
input_cifs\mp-1181255.cif,Swap atoms at indices 24 and 50 in the cif file.,mp-1181255_processed.cif
input_cifs\mp-1181584.cif,Swap atoms at indices 20 and 0 in the cif file.,mp-1181584_processed.cif
input_cifs\mp-1182011.cif,Swap atoms at indices 45 and 30 in the cif file.,mp-1182011_processed.cif
input_cifs\mp-1182045.cif,Swap atoms at indices 45 and 0 in the cif file.,mp-1182045_processed.cif
input_cifs\mp-1182066.cif,Swap atoms at indices 60 and 6 in the cif file.,mp-1182066_processed.cif
input_cifs\mp-1182302.cif,Swap atoms at indices 12 and 16 in the cif file.,mp-1182302_processed.cif
input_cifs\mp-1182516.cif,Swap atoms at indices 5 and 3 in the cif file.,mp-1182516_processed.cif
input_cifs\mp-1182952.cif,Swap atoms at indices 9 and 0 in the cif file.,mp-1182952_processed.cif
input_cifs\mp-1182993.cif,Swap atoms at indices 20 and 1 in the cif file.,mp-1182993_processed.cif
input_cifs\mp-1185691.cif,Swap atoms at indices 0 and 20 in the cif file.,mp-1185691_processed.cif
input_cifs\mp-1185729.cif,Swap atoms at indices 23 and 4 in the cif file.,mp-1185729_processed.cif
input_cifs\mp-1185730.cif,Swap atoms at indices 19 and 10 in the cif file.,mp-1185730_processed.cif
input_cifs\mp-1186069.cif,Swap atoms at indices 2 and 9 in the cif file.,mp-1186069_processed.cif
input_cifs\mp-1188168.cif,Swap atoms at indices 2 and 10 in the cif file.,mp-1188168_processed.cif
input_cifs\mp-1188839.cif,Swap atoms at indices 11 and 6 in the cif file.,mp-1188839_processed.cif
input_cifs\mp-1189137.cif,Swap atoms at indices 1 and 14 in the cif file.,mp-1189137_processed.cif
input_cifs\mp-1189325.cif,Swap atoms at indices 0 and 1 in the cif file.,mp-1189325_processed.cif
input_cifs\mp-1189617.cif,Swap atoms at indices 5 and 17 in the cif file.,mp-1189617_processed.cif
input_cifs\mp-1190360.cif,Swap atoms at indices 3 and 14 in the cif file.,mp-1190360_processed.cif
input_cifs\mp-1190450.cif,Swap atoms at indices 6 and 10 in the cif file.,mp-1190450_processed.cif
input_cifs\mp-1190471.cif,Swap atoms at indices 1 and 16 in the cif file.,mp-1190471_processed.cif
input_cifs\mp-1190593.cif,Swap atoms at indices 12 and 3 in the cif file.,mp-1190593_processed.cif
input_cifs\mp-1190765.cif,Swap atoms at indices 13 and 9 in the cif file.,mp-1190765_processed.cif
input_cifs\mp-1190906.cif,Swap atoms at indices 8 and 5 in the cif file.,mp-1190906_processed.cif
input_cifs\mp-1191263.cif,Swap atoms at indices 12 and 1 in the cif file.,mp-1191263_processed.cif
input_cifs\mp-1191575.cif,Swap atoms at indices 0 and 20 in the cif file.,mp-1191575_processed.cif
input_cifs\mp-1191633.cif,Swap atoms at indices 9 and 22 in the cif file.,mp-1191633_processed.cif
input_cifs\mp-1191681.cif,Swap atoms at indices 12 and 14 in the cif file.,mp-1191681_processed.cif
input_cifs\mp-1192077.cif,Swap atoms at indices 4 and 8 in the cif file.,mp-1192077_processed.cif
input_cifs\mp-1192111.cif,Swap atoms at indices 20 and 0 in the cif file.,mp-1192111_processed.cif
input_cifs\mp-1192527.cif,Swap atoms at indices 22 and 1 in the cif file.,mp-1192527_processed.cif
input_cifs\mp-1192550.cif,Swap atoms at indices 8 and 15 in the cif file.,mp-1192550_processed.cif
input_cifs\mp-1192556.cif,Swap atoms at indices 19 and 9 in the cif file.,mp-1192556_processed.cif
input_cifs\mp-1192588.cif,Swap atoms at indices 14 and 4 in the cif file.,mp-1192588_processed.cif
input_cifs\mp-1192755.cif,Swap atoms at indices 20 and 2 in the cif file.,mp-1192755_processed.cif
input_cifs\mp-1192984.cif,Swap atoms at indices 24 and 0 in the cif file.,mp-1192984_processed.cif
input_cifs\mp-1193276.cif,Swap atoms at indices 9 and 16 in the cif file.,mp-1193276_processed.cif
input_cifs\mp-1193461.cif,Swap atoms at indices 6 and 21 in the cif file.,mp-1193461_processed.cif
input_cifs\mp-1193658.cif,Swap atoms at indices 27 and 0 in the cif file.,mp-1193658_processed.cif
input_cifs\mp-1193669.cif,Swap atoms at indices 12 and 18 in the cif file.,mp-1193669_processed.cif
input_cifs\mp-1193753.cif,Swap atoms at indices 2 and 4 in the cif file.,mp-1193753_processed.cif
input_cifs\mp-1194315.cif,Swap atoms at indices 2 and 14 in the cif file.,mp-1194315_processed.cif
input_cifs\mp-1194467.cif,Swap atoms at indices 21 and 16 in the cif file.,mp-1194467_processed.cif
input_cifs\mp-1194648.cif,Swap atoms at indices 4 and 29 in the cif file.,mp-1194648_processed.cif
input_cifs\mp-1194808.cif,Swap atoms at indices 3 and 11 in the cif file.,mp-1194808_processed.cif
input_cifs\mp-1194897.cif,Swap atoms at indices 17 and 44 in the cif file.,mp-1194897_processed.cif
input_cifs\mp-1194954.cif,Swap atoms at indices 35 and 52 in the cif file.,mp-1194954_processed.cif
input_cifs\mp-1195087.cif,Swap atoms at indices 18 and 20 in the cif file.,mp-1195087_processed.cif
input_cifs\mp-1195106.cif,Swap atoms at indices 18 and 42 in the cif file.,mp-1195106_processed.cif
input_cifs\mp-1195319.cif,Swap atoms at indices 22 and 48 in the cif file.,mp-1195319_processed.cif
input_cifs\mp-1195337.cif,Swap atoms at indices 25 and 11 in the cif file.,mp-1195337_processed.cif
input_cifs\mp-1195540.cif,Swap atoms at indices 22 and 2 in the cif file.,mp-1195540_processed.cif
input_cifs\mp-1195827.cif,Swap atoms at indices 2 and 12 in the cif file.,mp-1195827_processed.cif
input_cifs\mp-1195929.cif,Swap atoms at indices 4 and 30 in the cif file.,mp-1195929_processed.cif
input_cifs\mp-1195965.cif,Swap atoms at indices 9 and 26 in the cif file.,mp-1195965_processed.cif
input_cifs\mp-1195967.cif,Swap atoms at indices 10 and 16 in the cif file.,mp-1195967_processed.cif
input_cifs\mp-1196244.cif,Swap atoms at indices 17 and 66 in the cif file.,mp-1196244_processed.cif
input_cifs\mp-1196468.cif,Swap atoms at indices 44 and 8 in the cif file.,mp-1196468_processed.cif
input_cifs\mp-1196513.cif,Swap atoms at indices 8 and 13 in the cif file.,mp-1196513_processed.cif
input_cifs\mp-1196514.cif,Swap atoms at indices 4 and 15 in the cif file.,mp-1196514_processed.cif
input_cifs\mp-1197108.cif,Swap atoms at indices 18 and 84 in the cif file.,mp-1197108_processed.cif
input_cifs\mp-1197227.cif,Swap atoms at indices 24 and 8 in the cif file.,mp-1197227_processed.cif
input_cifs\mp-1197238.cif,Swap atoms at indices 7 and 31 in the cif file.,mp-1197238_processed.cif
input_cifs\mp-1197636.cif,Swap atoms at indices 42 and 13 in the cif file.,mp-1197636_processed.cif
input_cifs\mp-1197877.cif,Swap atoms at indices 33 and 9 in the cif file.,mp-1197877_processed.cif
input_cifs\mp-1198057.cif,Swap atoms at indices 2 and 25 in the cif file.,mp-1198057_processed.cif
input_cifs\mp-1198140.cif,Swap atoms at indices 5 and 43 in the cif file.,mp-1198140_processed.cif
input_cifs\mp-1198411.cif,Swap atoms at indices 7 and 89 in the cif file.,mp-1198411_processed.cif
input_cifs\mp-1198574.cif,Swap atoms at indices 26 and 78 in the cif file.,mp-1198574_processed.cif
input_cifs\mp-1198593.cif,Swap atoms at indices 29 and 16 in the cif file.,mp-1198593_processed.cif
input_cifs\mp-1198603.cif,Swap atoms at indices 41 and 9 in the cif file.,mp-1198603_processed.cif
input_cifs\mp-1198841.cif,Swap atoms at indices 43 and 16 in the cif file.,mp-1198841_processed.cif
input_cifs\mp-1199018.cif,Swap atoms at indices 53 and 32 in the cif file.,mp-1199018_processed.cif
input_cifs\mp-1199088.cif,Swap atoms at indices 17 and 62 in the cif file.,mp-1199088_processed.cif
input_cifs\mp-1199566.cif,Swap atoms at indices 44 and 38 in the cif file.,mp-1199566_processed.cif
input_cifs\mp-1199672.cif,Swap atoms at indices 0 and 20 in the cif file.,mp-1199672_processed.cif
input_cifs\mp-1200359.cif,Swap atoms at indices 4 and 24 in the cif file.,mp-1200359_processed.cif
input_cifs\mp-1200542.cif,Swap atoms at indices 20 and 45 in the cif file.,mp-1200542_processed.cif
input_cifs\mp-1200692.cif,Swap atoms at indices 3 and 21 in the cif file.,mp-1200692_processed.cif
input_cifs\mp-1200758.cif,Swap atoms at indices 15 and 98 in the cif file.,mp-1200758_processed.cif
input_cifs\mp-1201497.cif,Swap atoms at indices 34 and 11 in the cif file.,mp-1201497_processed.cif
input_cifs\mp-1201607.cif,Swap atoms at indices 1 and 30 in the cif file.,mp-1201607_processed.cif
input_cifs\mp-1201876.cif,Swap atoms at indices 13 and 41 in the cif file.,mp-1201876_processed.cif
input_cifs\mp-1201895.cif,Swap atoms at indices 28 and 18 in the cif file.,mp-1201895_processed.cif
input_cifs\mp-1202389.cif,Swap atoms at indices 38 and 2 in the cif file.,mp-1202389_processed.cif
input_cifs\mp-1202709.cif,Swap atoms at indices 1 and 27 in the cif file.,mp-1202709_processed.cif
input_cifs\mp-1202898.cif,Swap atoms at indices 38 and 3 in the cif file.,mp-1202898_processed.cif
input_cifs\mp-1202901.cif,Swap atoms at indices 24 and 10 in the cif file.,mp-1202901_processed.cif
input_cifs\mp-1203035.cif,Swap atoms at indices 17 and 1 in the cif file.,mp-1203035_processed.cif
input_cifs\mp-1203146.cif,Swap atoms at indices 5 and 98 in the cif file.,mp-1203146_processed.cif
input_cifs\mp-1203196.cif,Swap atoms at indices 45 and 10 in the cif file.,mp-1203196_processed.cif
input_cifs\mp-1203220.cif,Swap atoms at indices 33 and 15 in the cif file.,mp-1203220_processed.cif
input_cifs\mp-1203746.cif,Swap atoms at indices 4 and 35 in the cif file.,mp-1203746_processed.cif
input_cifs\mp-1203808.cif,Swap atoms at indices 0 and 60 in the cif file.,mp-1203808_processed.cif
input_cifs\mp-1203996.cif,Swap atoms at indices 57 and 34 in the cif file.,mp-1203996_processed.cif
input_cifs\mp-1204064.cif,Swap atoms at indices 5 and 25 in the cif file.,mp-1204064_processed.cif
input_cifs\mp-1204087.cif,Swap atoms at indices 23 and 60 in the cif file.,mp-1204087_processed.cif
input_cifs\mp-1204178.cif,Swap atoms at indices 9 and 3 in the cif file.,mp-1204178_processed.cif
input_cifs\mp-1204195.cif,Swap atoms at indices 52 and 16 in the cif file.,mp-1204195_processed.cif
input_cifs\mp-1204482.cif,Swap atoms at indices 14 and 1 in the cif file.,mp-1204482_processed.cif
input_cifs\mp-1204573.cif,Swap atoms at indices 36 and 77 in the cif file.,mp-1204573_processed.cif
input_cifs\mp-1204620.cif,Swap atoms at indices 40 and 61 in the cif file.,mp-1204620_processed.cif
input_cifs\mp-1204800.cif,Swap atoms at indices 31 and 39 in the cif file.,mp-1204800_processed.cif
input_cifs\mp-1205388.cif,Swap atoms at indices 13 and 4 in the cif file.,mp-1205388_processed.cif
input_cifs\mp-1205391.cif,Swap atoms at indices 13 and 0 in the cif file.,mp-1205391_processed.cif
input_cifs\mp-1205393.cif,Swap atoms at indices 2 and 13 in the cif file.,mp-1205393_processed.cif
input_cifs\mp-1205503.cif,Swap atoms at indices 2 and 1 in the cif file.,mp-1205503_processed.cif
input_cifs\mp-1205523.cif,Swap atoms at indices 7 and 0 in the cif file.,mp-1205523_processed.cif
input_cifs\mp-1205660.cif,Swap atoms at indices 0 and 2 in the cif file.,mp-1205660_processed.cif
input_cifs\mp-1205745.cif,Swap atoms at indices 6 and 2 in the cif file.,mp-1205745_processed.cif
input_cifs\mp-1205771.cif,Swap atoms at indices 9 and 4 in the cif file.,mp-1205771_processed.cif
input_cifs\mp-1206201.cif,Swap atoms at indices 0 and 4 in the cif file.,mp-1206201_processed.cif
input_cifs\mp-1206250.cif,Swap atoms at indices 4 and 3 in the cif file.,mp-1206250_processed.cif
input_cifs\mp-1206569.cif,Swap atoms at indices 7 and 0 in the cif file.,mp-1206569_processed.cif
input_cifs\mp-1206737.cif,Swap atoms at indices 5 and 3 in the cif file.,mp-1206737_processed.cif
input_cifs\mp-1207144.cif,Swap atoms at indices 7 and 1 in the cif file.,mp-1207144_processed.cif
input_cifs\mp-1207398.cif,Swap atoms at indices 2 and 8 in the cif file.,mp-1207398_processed.cif
input_cifs\mp-1207522.cif,Swap atoms at indices 1 and 12 in the cif file.,mp-1207522_processed.cif
input_cifs\mp-1207549.cif,Swap atoms at indices 22 and 2 in the cif file.,mp-1207549_processed.cif
input_cifs\mp-1207596.cif,Swap atoms at indices 11 and 6 in the cif file.,mp-1207596_processed.cif
input_cifs\mp-1207733.cif,Swap atoms at indices 11 and 4 in the cif file.,mp-1207733_processed.cif
input_cifs\mp-1207797.cif,Swap atoms at indices 11 and 12 in the cif file.,mp-1207797_processed.cif
input_cifs\mp-1207993.cif,Swap atoms at indices 1 and 12 in the cif file.,mp-1207993_processed.cif
input_cifs\mp-1208058.cif,Swap atoms at indices 16 and 0 in the cif file.,mp-1208058_processed.cif
input_cifs\mp-1208219.cif,Swap atoms at indices 19 and 7 in the cif file.,mp-1208219_processed.cif
input_cifs\mp-1208275.cif,Swap atoms at indices 7 and 41 in the cif file.,mp-1208275_processed.cif
input_cifs\mp-1208331.cif,Swap atoms at indices 8 and 3 in the cif file.,mp-1208331_processed.cif
input_cifs\mp-1208361.cif,Swap atoms at indices 11 and 25 in the cif file.,mp-1208361_processed.cif
input_cifs\mp-1208425.cif,Swap atoms at indices 2 and 13 in the cif file.,mp-1208425_processed.cif
input_cifs\mp-1208879.cif,Swap atoms at indices 9 and 0 in the cif file.,mp-1208879_processed.cif
input_cifs\mp-1209036.cif,Swap atoms at indices 12 and 0 in the cif file.,mp-1209036_processed.cif
input_cifs\mp-1209206.cif,Swap atoms at indices 15 and 4 in the cif file.,mp-1209206_processed.cif
input_cifs\mp-1209348.cif,Swap atoms at indices 0 and 13 in the cif file.,mp-1209348_processed.cif
input_cifs\mp-1209483.cif,Swap atoms at indices 4 and 1 in the cif file.,mp-1209483_processed.cif
input_cifs\mp-1209534.cif,Swap atoms at indices 49 and 11 in the cif file.,mp-1209534_processed.cif
input_cifs\mp-1209695.cif,Swap atoms at indices 65 and 35 in the cif file.,mp-1209695_processed.cif
input_cifs\mp-1210015.cif,Swap atoms at indices 2 and 8 in the cif file.,mp-1210015_processed.cif
input_cifs\mp-1210035.cif,Swap atoms at indices 7 and 0 in the cif file.,mp-1210035_processed.cif
input_cifs\mp-1210161.cif,Swap atoms at indices 2 and 16 in the cif file.,mp-1210161_processed.cif
input_cifs\mp-1210237.cif,Swap atoms at indices 1 and 3 in the cif file.,mp-1210237_processed.cif
input_cifs\mp-1210462.cif,Swap atoms at indices 5 and 19 in the cif file.,mp-1210462_processed.cif
input_cifs\mp-1210502.cif,Swap atoms at indices 5 and 19 in the cif file.,mp-1210502_processed.cif
input_cifs\mp-1210518.cif,Swap atoms at indices 38 and 15 in the cif file.,mp-1210518_processed.cif
input_cifs\mp-1210584.cif,Swap atoms at indices 5 and 12 in the cif file.,mp-1210584_processed.cif
input_cifs\mp-1211181.cif,Swap atoms at indices 3 and 14 in the cif file.,mp-1211181_processed.cif
input_cifs\mp-1211192.cif,Swap atoms at indices 0 and 15 in the cif file.,mp-1211192_processed.cif
input_cifs\mp-1211198.cif,Swap atoms at indices 12 and 2 in the cif file.,mp-1211198_processed.cif
input_cifs\mp-1211303.cif,Swap atoms at indices 0 and 15 in the cif file.,mp-1211303_processed.cif
input_cifs\mp-1211402.cif,Swap atoms at indices 17 and 14 in the cif file.,mp-1211402_processed.cif
input_cifs\mp-1211546.cif,Swap atoms at indices 18 and 6 in the cif file.,mp-1211546_processed.cif
input_cifs\mp-1211686.cif,Swap atoms at indices 32 and 14 in the cif file.,mp-1211686_processed.cif
input_cifs\mp-1211861.cif,Swap atoms at indices 4 and 10 in the cif file.,mp-1211861_processed.cif
input_cifs\mp-1211971.cif,Swap atoms at indices 15 and 51 in the cif file.,mp-1211971_processed.cif
input_cifs\mp-1212118.cif,Swap atoms at indices 7 and 3 in the cif file.,mp-1212118_processed.cif
input_cifs\mp-1212387.cif,Swap atoms at indices 14 and 1 in the cif file.,mp-1212387_processed.cif
input_cifs\mp-1212504.cif,Swap atoms at indices 5 and 58 in the cif file.,mp-1212504_processed.cif
input_cifs\mp-1212600.cif,Swap atoms at indices 16 and 4 in the cif file.,mp-1212600_processed.cif
input_cifs\mp-1212621.cif,Swap atoms at indices 10 and 40 in the cif file.,mp-1212621_processed.cif
input_cifs\mp-1212645.cif,Swap atoms at indices 32 and 10 in the cif file.,mp-1212645_processed.cif
input_cifs\mp-1212670.cif,Swap atoms at indices 6 and 3 in the cif file.,mp-1212670_processed.cif
input_cifs\mp-1212757.cif,Swap atoms at indices 5 and 17 in the cif file.,mp-1212757_processed.cif
input_cifs\mp-1213080.cif,Swap atoms at indices 2 and 0 in the cif file.,mp-1213080_processed.cif
input_cifs\mp-1213206.cif,Swap atoms at indices 3 and 24 in the cif file.,mp-1213206_processed.cif
input_cifs\mp-1213529.cif,Swap atoms at indices 1 and 10 in the cif file.,mp-1213529_processed.cif
input_cifs\mp-1213562.cif,Swap atoms at indices 33 and 22 in the cif file.,mp-1213562_processed.cif
input_cifs\mp-1213790.cif,Swap atoms at indices 13 and 1 in the cif file.,mp-1213790_processed.cif
input_cifs\mp-1214336.cif,Swap atoms at indices 2 and 17 in the cif file.,mp-1214336_processed.cif
input_cifs\mp-1214464.cif,Swap atoms at indices 16 and 29 in the cif file.,mp-1214464_processed.cif
input_cifs\mp-1214610.cif,Swap atoms at indices 0 and 7 in the cif file.,mp-1214610_processed.cif
input_cifs\mp-1214788.cif,Swap atoms at indices 60 and 5 in the cif file.,mp-1214788_processed.cif
input_cifs\mp-1214890.cif,Swap atoms at indices 2 and 21 in the cif file.,mp-1214890_processed.cif
input_cifs\mp-1214936.cif,Swap atoms at indices 13 and 59 in the cif file.,mp-1214936_processed.cif
input_cifs\mp-1215141.cif,Swap atoms at indices 8 and 25 in the cif file.,mp-1215141_processed.cif
input_cifs\mp-1215289.cif,Swap atoms at indices 12 and 1 in the cif file.,mp-1215289_processed.cif
input_cifs\mp-1215601.cif,Swap atoms at indices 0 and 7 in the cif file.,mp-1215601_processed.cif
input_cifs\mp-1215607.cif,Swap atoms at indices 5 and 1 in the cif file.,mp-1215607_processed.cif
input_cifs\mp-1215624.cif,Swap atoms at indices 3 and 4 in the cif file.,mp-1215624_processed.cif
input_cifs\mp-1215653.cif,Swap atoms at indices 22 and 9 in the cif file.,mp-1215653_processed.cif
input_cifs\mp-1215929.cif,Swap atoms at indices 0 and 4 in the cif file.,mp-1215929_processed.cif
input_cifs\mp-1216177.cif,Swap atoms at indices 3 and 13 in the cif file.,mp-1216177_processed.cif
input_cifs\mp-1216179.cif,Swap atoms at indices 10 and 0 in the cif file.,mp-1216179_processed.cif
input_cifs\mp-1216787.cif,Swap atoms at indices 1 and 6 in the cif file.,mp-1216787_processed.cif
input_cifs\mp-1216925.cif,Swap atoms at indices 0 and 12 in the cif file.,mp-1216925_processed.cif
input_cifs\mp-1217133.cif,Swap atoms at indices 5 and 1 in the cif file.,mp-1217133_processed.cif
input_cifs\mp-1217420.cif,Swap atoms at indices 1 and 9 in the cif file.,mp-1217420_processed.cif
input_cifs\mp-1217464.cif,Swap atoms at indices 1 and 8 in the cif file.,mp-1217464_processed.cif
input_cifs\mp-1217479.cif,Swap atoms at indices 4 and 15 in the cif file.,mp-1217479_processed.cif
input_cifs\mp-1217682.cif,Swap atoms at indices 1 and 10 in the cif file.,mp-1217682_processed.cif
input_cifs\mp-1217834.cif,Swap atoms at indices 6 and 12 in the cif file.,mp-1217834_processed.cif
input_cifs\mp-1218011.cif,Swap atoms at indices 10 and 2 in the cif file.,mp-1218011_processed.cif
input_cifs\mp-1218423.cif,Swap atoms at indices 7 and 0 in the cif file.,mp-1218423_processed.cif
input_cifs\mp-1218682.cif,Swap atoms at indices 12 and 38 in the cif file.,mp-1218682_processed.cif
input_cifs\mp-1218922.cif,Swap atoms at indices 6 and 2 in the cif file.,mp-1218922_processed.cif
input_cifs\mp-1219071.cif,Swap atoms at indices 0 and 11 in the cif file.,mp-1219071_processed.cif
input_cifs\mp-1219127.cif,Swap atoms at indices 12 and 0 in the cif file.,mp-1219127_processed.cif
input_cifs\mp-1219578.cif,Swap atoms at indices 15 and 2 in the cif file.,mp-1219578_processed.cif
input_cifs\mp-1219615.cif,Swap atoms at indices 13 and 11 in the cif file.,mp-1219615_processed.cif
input_cifs\mp-1219892.cif,Swap atoms at indices 15 and 8 in the cif file.,mp-1219892_processed.cif
input_cifs\mp-1219893.cif,Swap atoms at indices 7 and 1 in the cif file.,mp-1219893_processed.cif
input_cifs\mp-1220065.cif,Swap atoms at indices 20 and 49 in the cif file.,mp-1220065_processed.cif
input_cifs\mp-1220070.cif,Swap atoms at indices 22 and 20 in the cif file.,mp-1220070_processed.cif
input_cifs\mp-1220202.cif,Swap atoms at indices 3 and 8 in the cif file.,mp-1220202_processed.cif
input_cifs\mp-1220419.cif,Swap atoms at indices 0 and 10 in the cif file.,mp-1220419_processed.cif
input_cifs\mp-1220444.cif,Swap atoms at indices 2 and 10 in the cif file.,mp-1220444_processed.cif
input_cifs\mp-1220553.cif,Swap atoms at indices 7 and 14 in the cif file.,mp-1220553_processed.cif
input_cifs\mp-1220692.cif,Swap atoms at indices 3 and 7 in the cif file.,mp-1220692_processed.cif
input_cifs\mp-1220760.cif,Swap atoms at indices 19 and 0 in the cif file.,mp-1220760_processed.cif
input_cifs\mp-1221207.cif,Swap atoms at indices 20 and 8 in the cif file.,mp-1221207_processed.cif
input_cifs\mp-1221380.cif,Swap atoms at indices 5 and 15 in the cif file.,mp-1221380_processed.cif
input_cifs\mp-1221838.cif,Swap atoms at indices 2 and 10 in the cif file.,mp-1221838_processed.cif
input_cifs\mp-1221843.cif,Swap atoms at indices 3 and 17 in the cif file.,mp-1221843_processed.cif
input_cifs\mp-1221998.cif,Swap atoms at indices 10 and 1 in the cif file.,mp-1221998_processed.cif
input_cifs\mp-1222146.cif,Swap atoms at indices 0 and 12 in the cif file.,mp-1222146_processed.cif
input_cifs\mp-1222327.cif,Swap atoms at indices 11 and 2 in the cif file.,mp-1222327_processed.cif
input_cifs\mp-1222509.cif,Swap atoms at indices 7 and 3 in the cif file.,mp-1222509_processed.cif
input_cifs\mp-1222563.cif,Swap atoms at indices 15 and 35 in the cif file.,mp-1222563_processed.cif
input_cifs\mp-1222827.cif,Swap atoms at indices 2 and 0 in the cif file.,mp-1222827_processed.cif
input_cifs\mp-1223169.cif,Swap atoms at indices 7 and 3 in the cif file.,mp-1223169_processed.cif
input_cifs\mp-1223295.cif,Swap atoms at indices 21 and 3 in the cif file.,mp-1223295_processed.cif
input_cifs\mp-1223429.cif,Swap atoms at indices 39 and 7 in the cif file.,mp-1223429_processed.cif
input_cifs\mp-1223578.cif,Swap atoms at indices 6 and 16 in the cif file.,mp-1223578_processed.cif
input_cifs\mp-1223597.cif,Swap atoms at indices 1 and 26 in the cif file.,mp-1223597_processed.cif
input_cifs\mp-1223626.cif,Swap atoms at indices 3 and 14 in the cif file.,mp-1223626_processed.cif
input_cifs\mp-1223895.cif,Swap atoms at indices 5 and 16 in the cif file.,mp-1223895_processed.cif
input_cifs\mp-1224478.cif,Swap atoms at indices 7 and 33 in the cif file.,mp-1224478_processed.cif
input_cifs\mp-1224502.cif,Swap atoms at indices 3 and 6 in the cif file.,mp-1224502_processed.cif
input_cifs\mp-1225147.cif,Swap atoms at indices 3 and 7 in the cif file.,mp-1225147_processed.cif
input_cifs\mp-1225213.cif,Swap atoms at indices 22 and 11 in the cif file.,mp-1225213_processed.cif
input_cifs\mp-1225229.cif,Swap atoms at indices 6 and 0 in the cif file.,mp-1225229_processed.cif
input_cifs\mp-1225237.cif,Swap atoms at indices 5 and 11 in the cif file.,mp-1225237_processed.cif
input_cifs\mp-1225440.cif,Swap atoms at indices 18 and 4 in the cif file.,mp-1225440_processed.cif
input_cifs\mp-1225651.cif,Swap atoms at indices 6 and 9 in the cif file.,mp-1225651_processed.cif
input_cifs\mp-1225781.cif,Swap atoms at indices 3 and 14 in the cif file.,mp-1225781_processed.cif
input_cifs\mp-1226113.cif,Swap atoms at indices 8 and 35 in the cif file.,mp-1226113_processed.cif
input_cifs\mp-1226144.cif,Swap atoms at indices 12 and 2 in the cif file.,mp-1226144_processed.cif
input_cifs\mp-1226291.cif,Swap atoms at indices 9 and 1 in the cif file.,mp-1226291_processed.cif
input_cifs\mp-1226695.cif,Swap atoms at indices 3 and 50 in the cif file.,mp-1226695_processed.cif
input_cifs\mp-1227099.cif,Swap atoms at indices 1 and 17 in the cif file.,mp-1227099_processed.cif
input_cifs\mp-1227106.cif,Swap atoms at indices 11 and 0 in the cif file.,mp-1227106_processed.cif
input_cifs\mp-1227447.cif,Swap atoms at indices 17 and 35 in the cif file.,mp-1227447_processed.cif
input_cifs\mp-1227574.cif,Swap atoms at indices 3 and 11 in the cif file.,mp-1227574_processed.cif
input_cifs\mp-1227644.cif,Swap atoms at indices 29 and 13 in the cif file.,mp-1227644_processed.cif
input_cifs\mp-1227756.cif,Swap atoms at indices 4 and 2 in the cif file.,mp-1227756_processed.cif
input_cifs\mp-1227836.cif,Swap atoms at indices 6 and 1 in the cif file.,mp-1227836_processed.cif
input_cifs\mp-1227849.cif,Swap atoms at indices 3 and 11 in the cif file.,mp-1227849_processed.cif
input_cifs\mp-1227954.cif,Swap atoms at indices 41 and 18 in the cif file.,mp-1227954_processed.cif
input_cifs\mp-1228056.cif,Swap atoms at indices 1 and 3 in the cif file.,mp-1228056_processed.cif
input_cifs\mp-1228315.cif,Swap atoms at indices 9 and 14 in the cif file.,mp-1228315_processed.cif
input_cifs\mp-1228494.cif,Swap atoms at indices 1 and 2 in the cif file.,mp-1228494_processed.cif
input_cifs\mp-1228522.cif,Swap atoms at indices 13 and 0 in the cif file.,mp-1228522_processed.cif
input_cifs\mp-1228836.cif,Swap atoms at indices 23 and 31 in the cif file.,mp-1228836_processed.cif
input_cifs\mp-1229286.cif,Swap atoms at indices 54 and 27 in the cif file.,mp-1229286_processed.cif
input_cifs\mp-1232260.cif,Swap atoms at indices 16 and 5 in the cif file.,mp-1232260_processed.cif
input_cifs\mp-1232340.cif,Swap atoms at indices 8 and 1 in the cif file.,mp-1232340_processed.cif
input_cifs\mp-1233155.cif,Swap atoms at indices 17 and 0 in the cif file.,mp-1233155_processed.cif
input_cifs\mp-1233280.cif,Swap atoms at indices 15 and 7 in the cif file.,mp-1233280_processed.cif
input_cifs\mp-1233390.cif,Swap atoms at indices 12 and 0 in the cif file.,mp-1233390_processed.cif
input_cifs\mp-1233443.cif,Swap atoms at indices 6 and 27 in the cif file.,mp-1233443_processed.cif
input_cifs\mp-1233468.cif,Swap atoms at indices 0 and 14 in the cif file.,mp-1233468_processed.cif
input_cifs\mp-1233776.cif,Swap atoms at indices 19 and 4 in the cif file.,mp-1233776_processed.cif
input_cifs\mp-1233932.cif,Swap atoms at indices 14 and 6 in the cif file.,mp-1233932_processed.cif
input_cifs\mp-1233998.cif,Swap atoms at indices 9 and 26 in the cif file.,mp-1233998_processed.cif
input_cifs\mp-1234032.cif,Swap atoms at indices 22 and 4 in the cif file.,mp-1234032_processed.cif
input_cifs\mp-1234239.cif,Swap atoms at indices 36 and 6 in the cif file.,mp-1234239_processed.cif
input_cifs\mp-12343.cif,Swap atoms at indices 7 and 5 in the cif file.,mp-12343_processed.cif
input_cifs\mp-1234325.cif,Swap atoms at indices 0 and 15 in the cif file.,mp-1234325_processed.cif
input_cifs\mp-1234413.cif,Swap atoms at indices 8 and 18 in the cif file.,mp-1234413_processed.cif
input_cifs\mp-1234620.cif,Swap atoms at indices 24 and 2 in the cif file.,mp-1234620_processed.cif
input_cifs\mp-1234667.cif,Swap atoms at indices 1 and 19 in the cif file.,mp-1234667_processed.cif
input_cifs\mp-1234741.cif,Swap atoms at indices 5 and 12 in the cif file.,mp-1234741_processed.cif
input_cifs\mp-1235023.cif,Swap atoms at indices 1 and 12 in the cif file.,mp-1235023_processed.cif
input_cifs\mp-1235295.cif,Swap atoms at indices 3 and 14 in the cif file.,mp-1235295_processed.cif
input_cifs\mp-1235548.cif,Swap atoms at indices 11 and 3 in the cif file.,mp-1235548_processed.cif
input_cifs\mp-1235562.cif,Swap atoms at indices 11 and 5 in the cif file.,mp-1235562_processed.cif
input_cifs\mp-1235571.cif,Swap atoms at indices 0 and 15 in the cif file.,mp-1235571_processed.cif
input_cifs\mp-1235672.cif,Swap atoms at indices 2 and 10 in the cif file.,mp-1235672_processed.cif
input_cifs\mp-1235780.cif,Swap atoms at indices 2 and 0 in the cif file.,mp-1235780_processed.cif
input_cifs\mp-1236433.cif,Swap atoms at indices 10 and 3 in the cif file.,mp-1236433_processed.cif
input_cifs\mp-1236543.cif,Swap atoms at indices 10 and 1 in the cif file.,mp-1236543_processed.cif
input_cifs\mp-1237278.cif,Swap atoms at indices 5 and 0 in the cif file.,mp-1237278_processed.cif
input_cifs\mp-1237483.cif,Swap atoms at indices 7 and 13 in the cif file.,mp-1237483_processed.cif
input_cifs\mp-1238409.cif,Swap atoms at indices 30 and 21 in the cif file.,mp-1238409_processed.cif
input_cifs\mp-1239078.cif,Swap atoms at indices 9 and 7 in the cif file.,mp-1239078_processed.cif
input_cifs\mp-1239118.cif,Swap atoms at indices 11 and 16 in the cif file.,mp-1239118_processed.cif
input_cifs\mp-1239141.cif,Swap atoms at indices 6 and 25 in the cif file.,mp-1239141_processed.cif
input_cifs\mp-1239223.cif,Swap atoms at indices 2 and 7 in the cif file.,mp-1239223_processed.cif
input_cifs\mp-1245280.cif,Swap atoms at indices 71 and 26 in the cif file.,mp-1245280_processed.cif
input_cifs\mp-1245339.cif,Swap atoms at indices 27 and 44 in the cif file.,mp-1245339_processed.cif
input_cifs\mp-1245361.cif,Swap atoms at indices 61 and 54 in the cif file.,mp-1245361_processed.cif
input_cifs\mp-1245365.cif,Swap atoms at indices 1 and 54 in the cif file.,mp-1245365_processed.cif
input_cifs\mp-1245626.cif,Swap atoms at indices 12 and 2 in the cif file.,mp-1245626_processed.cif
input_cifs\mp-1245657.cif,Swap atoms at indices 42 and 0 in the cif file.,mp-1245657_processed.cif
input_cifs\mp-1245740.cif,Swap atoms at indices 13 and 31 in the cif file.,mp-1245740_processed.cif
input_cifs\mp-1246144.cif,Swap atoms at indices 16 and 9 in the cif file.,mp-1246144_processed.cif
input_cifs\mp-1246228.cif,Swap atoms at indices 21 and 2 in the cif file.,mp-1246228_processed.cif
input_cifs\mp-1246371.cif,Swap atoms at indices 29 and 38 in the cif file.,mp-1246371_processed.cif
input_cifs\mp-1246720.cif,Swap atoms at indices 4 and 13 in the cif file.,mp-1246720_processed.cif
input_cifs\mp-1246726.cif,Swap atoms at indices 7 and 1 in the cif file.,mp-1246726_processed.cif
input_cifs\mp-1246860.cif,Swap atoms at indices 9 and 1 in the cif file.,mp-1246860_processed.cif
input_cifs\mp-1247094.cif,Swap atoms at indices 9 and 1 in the cif file.,mp-1247094_processed.cif
input_cifs\mp-1247286.cif,Swap atoms at indices 39 and 9 in the cif file.,mp-1247286_processed.cif
input_cifs\mp-1247309.cif,Swap atoms at indices 5 and 11 in the cif file.,mp-1247309_processed.cif
input_cifs\mp-1247354.cif,Swap atoms at indices 2 and 14 in the cif file.,mp-1247354_processed.cif
input_cifs\mp-1247634.cif,Swap atoms at indices 28 and 57 in the cif file.,mp-1247634_processed.cif
input_cifs\mp-1247690.cif,Swap atoms at indices 38 and 3 in the cif file.,mp-1247690_processed.cif
input_cifs\mp-1250148.cif,Swap atoms at indices 7 and 12 in the cif file.,mp-1250148_processed.cif
input_cifs\mp-1250558.cif,Swap atoms at indices 11 and 2 in the cif file.,mp-1250558_processed.cif
input_cifs\mp-1253019.cif,Swap atoms at indices 59 and 4 in the cif file.,mp-1253019_processed.cif
input_cifs\mp-1262123.cif,Swap atoms at indices 12 and 13 in the cif file.,mp-1262123_processed.cif
input_cifs\mp-12645.cif,Swap atoms at indices 6 and 12 in the cif file.,mp-12645_processed.cif
input_cifs\mp-1273464.cif,Swap atoms at indices 9 and 23 in the cif file.,mp-1273464_processed.cif
input_cifs\mp-1274050.cif,Swap atoms at indices 13 and 3 in the cif file.,mp-1274050_processed.cif
input_cifs\mp-1275879.cif,Swap atoms at indices 5 and 20 in the cif file.,mp-1275879_processed.cif
input_cifs\mp-1278738.cif,Swap atoms at indices 3 and 7 in the cif file.,mp-1278738_processed.cif
input_cifs\mp-1290926.cif,Swap atoms at indices 4 and 29 in the cif file.,mp-1290926_processed.cif
input_cifs\mp-1290947.cif,Swap atoms at indices 17 and 5 in the cif file.,mp-1290947_processed.cif
input_cifs\mp-1293037.cif,Swap atoms at indices 2 and 12 in the cif file.,mp-1293037_processed.cif
input_cifs\mp-1294897.cif,Swap atoms at indices 6 and 34 in the cif file.,mp-1294897_processed.cif
input_cifs\mp-1297758.cif,Swap atoms at indices 10 and 19 in the cif file.,mp-1297758_processed.cif
input_cifs\mp-1299593.cif,Swap atoms at indices 18 and 1 in the cif file.,mp-1299593_processed.cif
input_cifs\mp-1301981.cif,Swap atoms at indices 20 and 8 in the cif file.,mp-1301981_processed.cif
input_cifs\mp-1302395.cif,Swap atoms at indices 11 and 22 in the cif file.,mp-1302395_processed.cif
input_cifs\mp-1307565.cif,Swap atoms at indices 13 and 9 in the cif file.,mp-1307565_processed.cif
input_cifs\mp-1310460.cif,Swap atoms at indices 23 and 3 in the cif file.,mp-1310460_processed.cif
input_cifs\mp-1311133.cif,Swap atoms at indices 4 and 13 in the cif file.,mp-1311133_processed.cif
input_cifs\mp-1323.cif,Swap atoms at indices 50 and 2 in the cif file.,mp-1323_processed.cif
input_cifs\mp-1329989.cif,Swap atoms at indices 12 and 64 in the cif file.,mp-1329989_processed.cif
input_cifs\mp-1330925.cif,Swap atoms at indices 8 and 1 in the cif file.,mp-1330925_processed.cif
input_cifs\mp-1337025.cif,Swap atoms at indices 7 and 1 in the cif file.,mp-1337025_processed.cif
input_cifs\mp-1337931.cif,Swap atoms at indices 54 and 11 in the cif file.,mp-1337931_processed.cif
input_cifs\mp-1344766.cif,Swap atoms at indices 3 and 11 in the cif file.,mp-1344766_processed.cif
input_cifs\mp-1347018.cif,Swap atoms at indices 19 and 6 in the cif file.,mp-1347018_processed.cif
input_cifs\mp-1348043.cif,Swap atoms at indices 1 and 6 in the cif file.,mp-1348043_processed.cif
input_cifs\mp-1350284.cif,Swap atoms at indices 6 and 44 in the cif file.,mp-1350284_processed.cif
input_cifs\mp-1354141.cif,Swap atoms at indices 3 and 19 in the cif file.,mp-1354141_processed.cif
input_cifs\mp-13560.cif,Swap atoms at indices 4 and 0 in the cif file.,mp-13560_processed.cif
input_cifs\mp-1368020.cif,Swap atoms at indices 18 and 5 in the cif file.,mp-1368020_processed.cif
input_cifs\mp-1370295.cif,Swap atoms at indices 6 and 15 in the cif file.,mp-1370295_processed.cif
input_cifs\mp-1373337.cif,Swap atoms at indices 21 and 1 in the cif file.,mp-1373337_processed.cif
input_cifs\mp-1376405.cif,Swap atoms at indices 18 and 4 in the cif file.,mp-1376405_processed.cif
input_cifs\mp-1377393.cif,Swap atoms at indices 1 and 24 in the cif file.,mp-1377393_processed.cif
input_cifs\mp-1377991.cif,Swap atoms at indices 16 and 6 in the cif file.,mp-1377991_processed.cif
input_cifs\mp-1385417.cif,Swap atoms at indices 3 and 5 in the cif file.,mp-1385417_processed.cif
input_cifs\mp-1388114.cif,Swap atoms at indices 1 and 11 in the cif file.,mp-1388114_processed.cif
input_cifs\mp-1388425.cif,Swap atoms at indices 8 and 3 in the cif file.,mp-1388425_processed.cif
input_cifs\mp-1391777.cif,Swap atoms at indices 12 and 3 in the cif file.,mp-1391777_processed.cif
input_cifs\mp-14005.cif,Swap atoms at indices 2 and 11 in the cif file.,mp-14005_processed.cif
input_cifs\mp-1401385.cif,Swap atoms at indices 12 and 2 in the cif file.,mp-1401385_processed.cif
input_cifs\mp-1405211.cif,Swap atoms at indices 8 and 1 in the cif file.,mp-1405211_processed.cif
input_cifs\mp-1412002.cif,Swap atoms at indices 6 and 3 in the cif file.,mp-1412002_processed.cif
input_cifs\mp-1419122.cif,Swap atoms at indices 9 and 1 in the cif file.,mp-1419122_processed.cif
input_cifs\mp-1439.cif,Swap atoms at indices 6 and 3 in the cif file.,mp-1439_processed.cif
input_cifs\mp-14555.cif,Swap atoms at indices 5 and 61 in the cif file.,mp-14555_processed.cif
input_cifs\mp-14556.cif,Swap atoms at indices 15 and 61 in the cif file.,mp-14556_processed.cif
input_cifs\mp-1516666.cif,Swap atoms at indices 11 and 7 in the cif file.,mp-1516666_processed.cif
input_cifs\mp-1517169.cif,Swap atoms at indices 1 and 7 in the cif file.,mp-1517169_processed.cif
input_cifs\mp-1517627.cif,Swap atoms at indices 0 and 3 in the cif file.,mp-1517627_processed.cif
input_cifs\mp-1518007.cif,Swap atoms at indices 9 and 5 in the cif file.,mp-1518007_processed.cif
input_cifs\mp-1518014.cif,Swap atoms at indices 7 and 11 in the cif file.,mp-1518014_processed.cif
input_cifs\mp-1518246.cif,Swap atoms at indices 2 and 5 in the cif file.,mp-1518246_processed.cif
input_cifs\mp-1518458.cif,Swap atoms at indices 0 and 7 in the cif file.,mp-1518458_processed.cif
input_cifs\mp-1518757.cif,Swap atoms at indices 5 and 2 in the cif file.,mp-1518757_processed.cif
input_cifs\mp-1519002.cif,Swap atoms at indices 7 and 3 in the cif file.,mp-1519002_processed.cif
input_cifs\mp-1519698.cif,Swap atoms at indices 9 and 5 in the cif file.,mp-1519698_processed.cif
input_cifs\mp-1519736.cif,Swap atoms at indices 1 and 5 in the cif file.,mp-1519736_processed.cif
input_cifs\mp-1519860.cif,Swap atoms at indices 2 and 9 in the cif file.,mp-1519860_processed.cif
input_cifs\mp-1519983.cif,Swap atoms at indices 3 and 2 in the cif file.,mp-1519983_processed.cif
input_cifs\mp-1519998.cif,Swap atoms at indices 8 and 2 in the cif file.,mp-1519998_processed.cif
input_cifs\mp-1520500.cif,Swap atoms at indices 14 and 10 in the cif file.,mp-1520500_processed.cif
input_cifs\mp-1521011.cif,Swap atoms at indices 0 and 8 in the cif file.,mp-1521011_processed.cif
input_cifs\mp-1521056.cif,Swap atoms at indices 3 and 6 in the cif file.,mp-1521056_processed.cif
input_cifs\mp-1521082.cif,Swap atoms at indices 2 and 9 in the cif file.,mp-1521082_processed.cif
input_cifs\mp-1521221.cif,Swap atoms at indices 8 and 1 in the cif file.,mp-1521221_processed.cif
input_cifs\mp-1521309.cif,Swap atoms at indices 0 and 6 in the cif file.,mp-1521309_processed.cif
input_cifs\mp-1521702.cif,Swap atoms at indices 0 and 16 in the cif file.,mp-1521702_processed.cif
input_cifs\mp-1522205.cif,Swap atoms at indices 0 and 5 in the cif file.,mp-1522205_processed.cif
input_cifs\mp-1522629.cif,Swap atoms at indices 1 and 10 in the cif file.,mp-1522629_processed.cif
input_cifs\mp-1522792.cif,Swap atoms at indices 3 and 1 in the cif file.,mp-1522792_processed.cif
input_cifs\mp-1523004.cif,Swap atoms at indices 0 and 3 in the cif file.,mp-1523004_processed.cif
input_cifs\mp-1523044.cif,Swap atoms at indices 4 and 1 in the cif file.,mp-1523044_processed.cif
input_cifs\mp-1523067.cif,Swap atoms at indices 3 and 8 in the cif file.,mp-1523067_processed.cif
input_cifs\mp-1523239.cif,Swap atoms at indices 3 and 7 in the cif file.,mp-1523239_processed.cif
input_cifs\mp-15896.cif,Swap atoms at indices 2 and 9 in the cif file.,mp-15896_processed.cif
input_cifs\mp-1643677.cif,Swap atoms at indices 14 and 9 in the cif file.,mp-1643677_processed.cif
input_cifs\mp-1645697.cif,Swap atoms at indices 26 and 0 in the cif file.,mp-1645697_processed.cif
input_cifs\mp-1661789.cif,Swap atoms at indices 7 and 16 in the cif file.,mp-1661789_processed.cif
input_cifs\mp-1661936.cif,Swap atoms at indices 1 and 8 in the cif file.,mp-1661936_processed.cif
input_cifs\mp-1662795.cif,Swap atoms at indices 9 and 32 in the cif file.,mp-1662795_processed.cif
input_cifs\mp-1666930.cif,Swap atoms at indices 39 and 5 in the cif file.,mp-1666930_processed.cif
input_cifs\mp-17024.cif,Swap atoms at indices 7 and 9 in the cif file.,mp-17024_processed.cif
input_cifs\mp-17282.cif,Swap atoms at indices 0 and 4 in the cif file.,mp-17282_processed.cif
input_cifs\mp-17344.cif,Swap atoms at indices 4 and 9 in the cif file.,mp-17344_processed.cif
input_cifs\mp-17676.cif,Swap atoms at indices 12 and 6 in the cif file.,mp-17676_processed.cif
input_cifs\mp-17770.cif,Swap atoms at indices 23 and 1 in the cif file.,mp-17770_processed.cif
input_cifs\mp-17838.cif,Swap atoms at indices 9 and 0 in the cif file.,mp-17838_processed.cif
input_cifs\mp-17861.cif,Swap atoms at indices 0 and 24 in the cif file.,mp-17861_processed.cif
input_cifs\mp-18469.cif,Swap atoms at indices 11 and 34 in the cif file.,mp-18469_processed.cif
input_cifs\mp-18525.cif,Swap atoms at indices 0 and 18 in the cif file.,mp-18525_processed.cif
input_cifs\mp-18612.cif,Swap atoms at indices 9 and 2 in the cif file.,mp-18612_processed.cif
input_cifs\mp-18701.cif,Swap atoms at indices 10 and 21 in the cif file.,mp-18701_processed.cif
input_cifs\mp-18713.cif,Swap atoms at indices 14 and 1 in the cif file.,mp-18713_processed.cif
input_cifs\mp-18817.cif,Swap atoms at indices 0 and 6 in the cif file.,mp-18817_processed.cif
input_cifs\mp-18833.cif,Swap atoms at indices 3 and 5 in the cif file.,mp-18833_processed.cif
input_cifs\mp-18848.cif,Swap atoms at indices 0 and 7 in the cif file.,mp-18848_processed.cif
input_cifs\mp-18996.cif,Swap atoms at indices 6 and 11 in the cif file.,mp-18996_processed.cif
input_cifs\mp-19070.cif,Swap atoms at indices 9 and 3 in the cif file.,mp-19070_processed.cif
input_cifs\mp-19087.cif,Swap atoms at indices 10 and 0 in the cif file.,mp-19087_processed.cif
input_cifs\mp-19123.cif,Swap atoms at indices 3 and 5 in the cif file.,mp-19123_processed.cif
input_cifs\mp-19162.cif,Swap atoms at indices 11 and 3 in the cif file.,mp-19162_processed.cif
input_cifs\mp-19426.cif,Swap atoms at indices 1 and 4 in the cif file.,mp-19426_processed.cif
input_cifs\mp-19785.cif,Swap atoms at indices 5 and 17 in the cif file.,mp-19785_processed.cif
input_cifs\mp-19903.cif,Swap atoms at indices 12 and 2 in the cif file.,mp-19903_processed.cif
input_cifs\mp-19931.cif,Swap atoms at indices 16 and 2 in the cif file.,mp-19931_processed.cif
input_cifs\mp-20276.cif,Swap atoms at indices 3 and 5 in the cif file.,mp-20276_processed.cif
input_cifs\mp-2030372.cif,Swap atoms at indices 13 and 7 in the cif file.,mp-2030372_processed.cif
input_cifs\mp-20460.cif,Swap atoms at indices 5 and 16 in the cif file.,mp-20460_processed.cif
input_cifs\mp-20499.cif,Swap atoms at indices 5 and 6 in the cif file.,mp-20499_processed.cif
input_cifs\mp-2053129.cif,Swap atoms at indices 8 and 0 in the cif file.,mp-2053129_processed.cif
input_cifs\mp-20633.cif,Swap atoms at indices 11 and 3 in the cif file.,mp-20633_processed.cif
input_cifs\mp-21208.cif,Swap atoms at indices 4 and 0 in the cif file.,mp-21208_processed.cif
input_cifs\mp-21493.cif,Swap atoms at indices 0 and 8 in the cif file.,mp-21493_processed.cif
input_cifs\mp-21658.cif,Swap atoms at indices 2 and 26 in the cif file.,mp-21658_processed.cif
input_cifs\mp-21799.cif,Swap atoms at indices 61 and 30 in the cif file.,mp-21799_processed.cif
input_cifs\mp-22042.cif,Swap atoms at indices 10 and 13 in the cif file.,mp-22042_processed.cif
input_cifs\mp-2206289.cif,Swap atoms at indices 23 and 17 in the cif file.,mp-2206289_processed.cif
input_cifs\mp-22076.cif,Swap atoms at indices 6 and 14 in the cif file.,mp-22076_processed.cif
input_cifs\mp-2215910.cif,Swap atoms at indices 11 and 3 in the cif file.,mp-2215910_processed.cif
input_cifs\mp-2217621.cif,Swap atoms at indices 10 and 3 in the cif file.,mp-2217621_processed.cif
input_cifs\mp-2217707.cif,Swap atoms at indices 8 and 1 in the cif file.,mp-2217707_processed.cif
input_cifs\mp-2217878.cif,Swap atoms at indices 1 and 0 in the cif file.,mp-2217878_processed.cif
input_cifs\mp-2218067.cif,Swap atoms at indices 2 and 10 in the cif file.,mp-2218067_processed.cif
input_cifs\mp-2218172.cif,Swap atoms at indices 4 and 1 in the cif file.,mp-2218172_processed.cif
input_cifs\mp-2218202.cif,Swap atoms at indices 1 and 4 in the cif file.,mp-2218202_processed.cif
input_cifs\mp-2218885.cif,Swap atoms at indices 5 and 0 in the cif file.,mp-2218885_processed.cif
input_cifs\mp-2218969.cif,Swap atoms at indices 9 and 0 in the cif file.,mp-2218969_processed.cif
input_cifs\mp-2219052.cif,Swap atoms at indices 8 and 3 in the cif file.,mp-2219052_processed.cif
input_cifs\mp-2219166.cif,Swap atoms at indices 2 and 10 in the cif file.,mp-2219166_processed.cif
input_cifs\mp-2219262.cif,Swap atoms at indices 1 and 6 in the cif file.,mp-2219262_processed.cif
input_cifs\mp-2219466.cif,Swap atoms at indices 10 and 2 in the cif file.,mp-2219466_processed.cif
input_cifs\mp-2222780.cif,Swap atoms at indices 7 and 3 in the cif file.,mp-2222780_processed.cif
input_cifs\mp-2223884.cif,Swap atoms at indices 9 and 6 in the cif file.,mp-2223884_processed.cif
input_cifs\mp-2224443.cif,Swap atoms at indices 8 and 12 in the cif file.,mp-2224443_processed.cif
input_cifs\mp-2224447.cif,Swap atoms at indices 3 and 9 in the cif file.,mp-2224447_processed.cif
input_cifs\mp-22248.cif,Swap atoms at indices 9 and 0 in the cif file.,mp-22248_processed.cif
input_cifs\mp-2224811.cif,Swap atoms at indices 4 and 5 in the cif file.,mp-2224811_processed.cif
input_cifs\mp-2224860.cif,Swap atoms at indices 39 and 0 in the cif file.,mp-2224860_processed.cif
input_cifs\mp-2225000.cif,Swap atoms at indices 11 and 3 in the cif file.,mp-2225000_processed.cif
input_cifs\mp-2228328.cif,Swap atoms at indices 15 and 0 in the cif file.,mp-2228328_processed.cif
input_cifs\mp-2228374.cif,Swap atoms at indices 7 and 0 in the cif file.,mp-2228374_processed.cif
input_cifs\mp-2228437.cif,Swap atoms at indices 8 and 5 in the cif file.,mp-2228437_processed.cif
input_cifs\mp-2228500.cif,Swap atoms at indices 4 and 12 in the cif file.,mp-2228500_processed.cif
input_cifs\mp-2228706.cif,Swap atoms at indices 14 and 10 in the cif file.,mp-2228706_processed.cif
input_cifs\mp-2228915.cif,Swap atoms at indices 13 and 5 in the cif file.,mp-2228915_processed.cif
input_cifs\mp-2228929.cif,Swap atoms at indices 5 and 1 in the cif file.,mp-2228929_processed.cif
input_cifs\mp-2229660.cif,Swap atoms at indices 16 and 4 in the cif file.,mp-2229660_processed.cif
input_cifs\mp-2230032.cif,Swap atoms at indices 14 and 6 in the cif file.,mp-2230032_processed.cif
input_cifs\mp-2230094.cif,Swap atoms at indices 11 and 4 in the cif file.,mp-2230094_processed.cif
input_cifs\mp-2230252.cif,Swap atoms at indices 15 and 2 in the cif file.,mp-2230252_processed.cif
input_cifs\mp-2230521.cif,Swap atoms at indices 8 and 4 in the cif file.,mp-2230521_processed.cif
input_cifs\mp-2230812.cif,Swap atoms at indices 6 and 11 in the cif file.,mp-2230812_processed.cif
input_cifs\mp-2231004.cif,Swap atoms at indices 4 and 8 in the cif file.,mp-2231004_processed.cif
input_cifs\mp-2231286.cif,Swap atoms at indices 5 and 14 in the cif file.,mp-2231286_processed.cif
input_cifs\mp-2232282.cif,Swap atoms at indices 5 and 2 in the cif file.,mp-2232282_processed.cif
input_cifs\mp-2239868.cif,Swap atoms at indices 4 and 7 in the cif file.,mp-2239868_processed.cif
input_cifs\mp-2240173.cif,Swap atoms at indices 2 and 4 in the cif file.,mp-2240173_processed.cif
input_cifs\mp-2241358.cif,Swap atoms at indices 0 and 8 in the cif file.,mp-2241358_processed.cif
input_cifs\mp-2254.cif,Swap atoms at indices 14 and 34 in the cif file.,mp-2254_processed.cif
input_cifs\mp-23418.cif,Swap atoms at indices 4 and 7 in the cif file.,mp-23418_processed.cif
input_cifs\mp-23498.cif,Swap atoms at indices 6 and 15 in the cif file.,mp-23498_processed.cif
input_cifs\mp-23586.cif,Swap atoms at indices 27 and 13 in the cif file.,mp-23586_processed.cif
input_cifs\mp-23979.cif,Swap atoms at indices 7 and 21 in the cif file.,mp-23979_processed.cif
input_cifs\mp-24037.cif,Swap atoms at indices 20 and 27 in the cif file.,mp-24037_processed.cif
input_cifs\mp-24044.cif,Swap atoms at indices 14 and 6 in the cif file.,mp-24044_processed.cif
input_cifs\mp-24515.cif,Swap atoms at indices 16 and 23 in the cif file.,mp-24515_processed.cif
input_cifs\mp-2480.cif,Swap atoms at indices 11 and 2 in the cif file.,mp-2480_processed.cif
input_cifs\mp-25405.cif,Swap atoms at indices 5 and 1 in the cif file.,mp-25405_processed.cif
input_cifs\mp-25457.cif,Swap atoms at indices 36 and 9 in the cif file.,mp-25457_processed.cif
input_cifs\mp-26179.cif,Swap atoms at indices 16 and 0 in the cif file.,mp-26179_processed.cif
input_cifs\mp-26270.cif,Swap atoms at indices 8 and 28 in the cif file.,mp-26270_processed.cif
input_cifs\mp-2646946.cif,Swap atoms at indices 17 and 2 in the cif file.,mp-2646946_processed.cif
input_cifs\mp-26612.cif,Swap atoms at indices 3 and 35 in the cif file.,mp-26612_processed.cif
input_cifs\mp-2715259.cif,Swap atoms at indices 62 and 15 in the cif file.,mp-2715259_processed.cif
input_cifs\mp-2715379.cif,Swap atoms at indices 47 and 22 in the cif file.,mp-2715379_processed.cif
input_cifs\mp-27286.cif,Swap atoms at indices 3 and 43 in the cif file.,mp-27286_processed.cif
input_cifs\mp-27341.cif,Swap atoms at indices 0 and 56 in the cif file.,mp-27341_processed.cif
input_cifs\mp-27383.cif,Swap atoms at indices 9 and 15 in the cif file.,mp-27383_processed.cif
input_cifs\mp-2751271.cif,Swap atoms at indices 4 and 14 in the cif file.,mp-2751271_processed.cif
input_cifs\mp-28393.cif,Swap atoms at indices 18 and 28 in the cif file.,mp-28393_processed.cif
input_cifs\mp-28394.cif,Swap atoms at indices 18 and 33 in the cif file.,mp-28394_processed.cif
input_cifs\mp-28430.cif,Swap atoms at indices 0 and 19 in the cif file.,mp-28430_processed.cif
input_cifs\mp-28450.cif,Swap atoms at indices 10 and 2 in the cif file.,mp-28450_processed.cif
input_cifs\mp-28544.cif,Swap atoms at indices 20 and 1 in the cif file.,mp-28544_processed.cif
input_cifs\mp-28580.cif,Swap atoms at indices 10 and 2 in the cif file.,mp-28580_processed.cif
input_cifs\mp-28824.cif,Swap atoms at indices 2 and 14 in the cif file.,mp-28824_processed.cif
input_cifs\mp-2901870.cif,Swap atoms at indices 6 and 0 in the cif file.,mp-2901870_processed.cif
input_cifs\mp-2911.cif,Swap atoms at indices 6 and 35 in the cif file.,mp-2911_processed.cif
input_cifs\mp-29144.cif,Swap atoms at indices 3 and 8 in the cif file.,mp-29144_processed.cif
input_cifs\mp-29412.cif,Swap atoms at indices 5 and 36 in the cif file.,mp-29412_processed.cif
input_cifs\mp-29415.cif,Swap atoms at indices 0 and 8 in the cif file.,mp-29415_processed.cif
input_cifs\mp-29755.cif,Swap atoms at indices 27 and 5 in the cif file.,mp-29755_processed.cif
input_cifs\mp-29770.cif,Swap atoms at indices 10 and 4 in the cif file.,mp-29770_processed.cif
input_cifs\mp-30305.cif,Swap atoms at indices 33 and 8 in the cif file.,mp-30305_processed.cif
input_cifs\mp-30320.cif,Swap atoms at indices 27 and 5 in the cif file.,mp-30320_processed.cif
input_cifs\mp-30859.cif,Swap atoms at indices 1 and 19 in the cif file.,mp-30859_processed.cif
input_cifs\mp-30908.cif,Swap atoms at indices 6 and 13 in the cif file.,mp-30908_processed.cif
input_cifs\mp-31251.cif,Swap atoms at indices 36 and 51 in the cif file.,mp-31251_processed.cif
input_cifs\mp-31314.cif,Swap atoms at indices 19 and 13 in the cif file.,mp-31314_processed.cif
input_cifs\mp-3138.cif,Swap atoms at indices 9 and 22 in the cif file.,mp-3138_processed.cif
input_cifs\mp-31394.cif,Swap atoms at indices 34 and 19 in the cif file.,mp-31394_processed.cif
input_cifs\mp-3205.cif,Swap atoms at indices 1 and 5 in the cif file.,mp-3205_processed.cif
input_cifs\mp-3216726.cif,Swap atoms at indices 7 and 2 in the cif file.,mp-3216726_processed.cif
input_cifs\mp-32528.cif,Swap atoms at indices 17 and 43 in the cif file.,mp-32528_processed.cif
input_cifs\mp-3316.cif,Swap atoms at indices 4 and 2 in the cif file.,mp-3316_processed.cif
input_cifs\mp-33325.cif,Swap atoms at indices 12 and 54 in the cif file.,mp-33325_processed.cif
input_cifs\mp-34185.cif,Swap atoms at indices 5 and 9 in the cif file.,mp-34185_processed.cif
input_cifs\mp-3538.cif,Swap atoms at indices 14 and 65 in the cif file.,mp-3538_processed.cif
input_cifs\mp-36310.cif,Swap atoms at indices 2 and 11 in the cif file.,mp-36310_processed.cif
input_cifs\mp-36484.cif,Swap atoms at indices 1 and 30 in the cif file.,mp-36484_processed.cif
input_cifs\mp-4419.cif,Swap atoms at indices 9 and 0 in the cif file.,mp-4419_processed.cif
input_cifs\mp-4421.cif,Swap atoms at indices 16 and 3 in the cif file.,mp-4421_processed.cif
input_cifs\mp-504149.cif,Swap atoms at indices 9 and 17 in the cif file.,mp-504149_processed.cif
input_cifs\mp-504509.cif,Swap atoms at indices 16 and 9 in the cif file.,mp-504509_processed.cif
input_cifs\mp-505074.cif,Swap atoms at indices 2 and 10 in the cif file.,mp-505074_processed.cif
input_cifs\mp-505217.cif,Swap atoms at indices 24 and 14 in the cif file.,mp-505217_processed.cif
input_cifs\mp-505540.cif,Swap atoms at indices 7 and 10 in the cif file.,mp-505540_processed.cif
input_cifs\mp-505573.cif,Swap atoms at indices 11 and 20 in the cif file.,mp-505573_processed.cif
input_cifs\mp-505766.cif,Swap atoms at indices 1 and 4 in the cif file.,mp-505766_processed.cif
input_cifs\mp-510544.cif,Swap atoms at indices 1 and 26 in the cif file.,mp-510544_processed.cif
input_cifs\mp-510717.cif,Swap atoms at indices 0 and 2 in the cif file.,mp-510717_processed.cif
input_cifs\mp-5151.cif,Swap atoms at indices 14 and 2 in the cif file.,mp-5151_processed.cif
input_cifs\mp-530379.cif,Swap atoms at indices 57 and 13 in the cif file.,mp-530379_processed.cif
input_cifs\mp-530850.cif,Swap atoms at indices 61 and 8 in the cif file.,mp-530850_processed.cif
input_cifs\mp-540740.cif,Swap atoms at indices 8 and 23 in the cif file.,mp-540740_processed.cif
input_cifs\mp-540798.cif,Swap atoms at indices 22 and 8 in the cif file.,mp-540798_processed.cif
input_cifs\mp-540938.cif,Swap atoms at indices 2 and 7 in the cif file.,mp-540938_processed.cif
input_cifs\mp-540977.cif,Swap atoms at indices 2 and 20 in the cif file.,mp-540977_processed.cif
input_cifs\mp-541595.cif,Swap atoms at indices 5 and 19 in the cif file.,mp-541595_processed.cif
input_cifs\mp-541619.cif,Swap atoms at indices 8 and 17 in the cif file.,mp-541619_processed.cif
input_cifs\mp-541894.cif,Swap atoms at indices 6 and 14 in the cif file.,mp-541894_processed.cif
input_cifs\mp-541991.cif,Swap atoms at indices 7 and 14 in the cif file.,mp-541991_processed.cif
input_cifs\mp-542024.cif,Swap atoms at indices 6 and 3 in the cif file.,mp-542024_processed.cif
input_cifs\mp-542151.cif,Swap atoms at indices 5 and 2 in the cif file.,mp-542151_processed.cif
input_cifs\mp-542342.cif,Swap atoms at indices 4 and 13 in the cif file.,mp-542342_processed.cif
input_cifs\mp-542435.cif,Swap atoms at indices 33 and 2 in the cif file.,mp-542435_processed.cif
input_cifs\mp-542448.cif,Swap atoms at indices 1 and 23 in the cif file.,mp-542448_processed.cif
input_cifs\mp-542812.cif,Swap atoms at indices 0 and 8 in the cif file.,mp-542812_processed.cif
input_cifs\mp-543036.cif,Swap atoms at indices 6 and 26 in the cif file.,mp-543036_processed.cif
input_cifs\mp-543042.cif,Swap atoms at indices 18 and 28 in the cif file.,mp-543042_processed.cif
input_cifs\mp-554174.cif,Swap atoms at indices 11 and 32 in the cif file.,mp-554174_processed.cif
input_cifs\mp-554264.cif,Swap atoms at indices 31 and 92 in the cif file.,mp-554264_processed.cif
input_cifs\mp-554383.cif,Swap atoms at indices 4 and 12 in the cif file.,mp-554383_processed.cif
input_cifs\mp-554799.cif,Swap atoms at indices 5 and 0 in the cif file.,mp-554799_processed.cif
input_cifs\mp-554818.cif,Swap atoms at indices 9 and 4 in the cif file.,mp-554818_processed.cif
input_cifs\mp-555198.cif,Swap atoms at indices 3 and 27 in the cif file.,mp-555198_processed.cif
input_cifs\mp-555534.cif,Swap atoms at indices 33 and 6 in the cif file.,mp-555534_processed.cif
input_cifs\mp-555790.cif,Swap atoms at indices 12 and 8 in the cif file.,mp-555790_processed.cif
input_cifs\mp-556185.cif,Swap atoms at indices 1 and 3 in the cif file.,mp-556185_processed.cif
input_cifs\mp-556236.cif,Swap atoms at indices 28 and 11 in the cif file.,mp-556236_processed.cif
input_cifs\mp-556319.cif,Swap atoms at indices 3 and 11 in the cif file.,mp-556319_processed.cif
input_cifs\mp-556404.cif,Swap atoms at indices 59 and 5 in the cif file.,mp-556404_processed.cif
input_cifs\mp-557059.cif,Swap atoms at indices 14 and 68 in the cif file.,mp-557059_processed.cif
input_cifs\mp-557180.cif,Swap atoms at indices 34 and 7 in the cif file.,mp-557180_processed.cif
input_cifs\mp-557215.cif,Swap atoms at indices 13 and 1 in the cif file.,mp-557215_processed.cif
input_cifs\mp-557266.cif,Swap atoms at indices 4 and 0 in the cif file.,mp-557266_processed.cif
input_cifs\mp-557389.cif,Swap atoms at indices 27 and 13 in the cif file.,mp-557389_processed.cif
input_cifs\mp-557574.cif,Swap atoms at indices 8 and 6 in the cif file.,mp-557574_processed.cif
input_cifs\mp-557589.cif,Swap atoms at indices 1 and 25 in the cif file.,mp-557589_processed.cif
input_cifs\mp-557752.cif,Swap atoms at indices 5 and 11 in the cif file.,mp-557752_processed.cif
input_cifs\mp-557824.cif,Swap atoms at indices 24 and 12 in the cif file.,mp-557824_processed.cif
input_cifs\mp-557864.cif,Swap atoms at indices 42 and 5 in the cif file.,mp-557864_processed.cif
input_cifs\mp-557961.cif,Swap atoms at indices 43 and 1 in the cif file.,mp-557961_processed.cif
input_cifs\mp-558023.cif,Swap atoms at indices 1 and 11 in the cif file.,mp-558023_processed.cif
input_cifs\mp-558368.cif,Swap atoms at indices 9 and 4 in the cif file.,mp-558368_processed.cif
input_cifs\mp-558382.cif,Swap atoms at indices 10 and 0 in the cif file.,mp-558382_processed.cif
input_cifs\mp-559140.cif,Swap atoms at indices 1 and 7 in the cif file.,mp-559140_processed.cif
input_cifs\mp-559223.cif,Swap atoms at indices 15 and 30 in the cif file.,mp-559223_processed.cif
input_cifs\mp-559929.cif,Swap atoms at indices 7 and 22 in the cif file.,mp-559929_processed.cif
input_cifs\mp-560091.cif,Swap atoms at indices 8 and 3 in the cif file.,mp-560091_processed.cif
input_cifs\mp-560380.cif,Swap atoms at indices 4 and 14 in the cif file.,mp-560380_processed.cif
input_cifs\mp-560535.cif,Swap atoms at indices 33 and 11 in the cif file.,mp-560535_processed.cif
input_cifs\mp-560605.cif,Swap atoms at indices 8 and 2 in the cif file.,mp-560605_processed.cif
input_cifs\mp-560751.cif,Swap atoms at indices 17 and 7 in the cif file.,mp-560751_processed.cif
input_cifs\mp-560754.cif,Swap atoms at indices 8 and 41 in the cif file.,mp-560754_processed.cif
input_cifs\mp-561641.cif,Swap atoms at indices 0 and 16 in the cif file.,mp-561641_processed.cif
input_cifs\mp-567492.cif,Swap atoms at indices 17 and 3 in the cif file.,mp-567492_processed.cif
input_cifs\mp-568306.cif,Swap atoms at indices 5 and 0 in the cif file.,mp-568306_processed.cif
input_cifs\mp-568716.cif,Swap atoms at indices 22 and 7 in the cif file.,mp-568716_processed.cif
input_cifs\mp-568757.cif,Swap atoms at indices 7 and 57 in the cif file.,mp-568757_processed.cif
input_cifs\mp-570044.cif,Swap atoms at indices 18 and 3 in the cif file.,mp-570044_processed.cif
input_cifs\mp-571428.cif,Swap atoms at indices 17 and 8 in the cif file.,mp-571428_processed.cif
input_cifs\mp-571566.cif,Swap atoms at indices 6 and 15 in the cif file.,mp-571566_processed.cif
input_cifs\mp-5730.cif,Swap atoms at indices 27 and 12 in the cif file.,mp-5730_processed.cif
input_cifs\mp-574339.cif,Swap atoms at indices 2 and 12 in the cif file.,mp-574339_processed.cif
input_cifs\mp-581471.cif,Swap atoms at indices 14 and 9 in the cif file.,mp-581471_processed.cif
input_cifs\mp-582081.cif,Swap atoms at indices 62 and 2 in the cif file.,mp-582081_processed.cif
input_cifs\mp-582587.cif,Swap atoms at indices 76 and 39 in the cif file.,mp-582587_processed.cif
input_cifs\mp-603694.cif,Swap atoms at indices 23 and 8 in the cif file.,mp-603694_processed.cif
input_cifs\mp-607525.cif,Swap atoms at indices 16 and 23 in the cif file.,mp-607525_processed.cif
input_cifs\mp-608206.cif,Swap atoms at indices 12 and 9 in the cif file.,mp-608206_processed.cif
input_cifs\mp-6112.cif,Swap atoms at indices 14 and 9 in the cif file.,mp-6112_processed.cif
input_cifs\mp-613327.cif,Swap atoms at indices 4 and 9 in the cif file.,mp-613327_processed.cif
input_cifs\mp-616210.cif,Swap atoms at indices 16 and 2 in the cif file.,mp-616210_processed.cif
input_cifs\mp-616407.cif,Swap atoms at indices 5 and 16 in the cif file.,mp-616407_processed.cif
input_cifs\mp-621964.cif,Swap atoms at indices 21 and 4 in the cif file.,mp-621964_processed.cif
input_cifs\mp-6257.cif,Swap atoms at indices 1 and 10 in the cif file.,mp-6257_processed.cif
input_cifs\mp-625744.cif,Swap atoms at indices 6 and 16 in the cif file.,mp-625744_processed.cif
input_cifs\mp-626565.cif,Swap atoms at indices 7 and 17 in the cif file.,mp-626565_processed.cif
input_cifs\mp-630976.cif,Swap atoms at indices 10 and 14 in the cif file.,mp-630976_processed.cif
input_cifs\mp-637599.cif,Swap atoms at indices 0 and 15 in the cif file.,mp-637599_processed.cif
input_cifs\mp-639826.cif,Swap atoms at indices 18 and 14 in the cif file.,mp-639826_processed.cif
input_cifs\mp-642315.cif,Swap atoms at indices 32 and 7 in the cif file.,mp-642315_processed.cif
input_cifs\mp-644221.cif,Swap atoms at indices 21 and 27 in the cif file.,mp-644221_processed.cif
input_cifs\mp-644529.cif,Swap atoms at indices 4 and 17 in the cif file.,mp-644529_processed.cif
input_cifs\mp-644741.cif,Swap atoms at indices 13 and 7 in the cif file.,mp-644741_processed.cif
input_cifs\mp-654225.cif,Swap atoms at indices 26 and 11 in the cif file.,mp-654225_processed.cif
input_cifs\mp-6653.cif,Swap atoms at indices 3 and 0 in the cif file.,mp-6653_processed.cif
input_cifs\mp-667200.cif,Swap atoms at indices 59 and 8 in the cif file.,mp-667200_processed.cif
input_cifs\mp-669359.cif,Swap atoms at indices 24 and 15 in the cif file.,mp-669359_processed.cif
input_cifs\mp-669377.cif,Swap atoms at indices 13 and 21 in the cif file.,mp-669377_processed.cif
input_cifs\mp-672228.cif,Swap atoms at indices 21 and 1 in the cif file.,mp-672228_processed.cif
input_cifs\mp-672972.cif,Swap atoms at indices 13 and 27 in the cif file.,mp-672972_processed.cif
input_cifs\mp-6745.cif,Swap atoms at indices 2 and 16 in the cif file.,mp-6745_processed.cif
input_cifs\mp-675118.cif,Swap atoms at indices 2 and 23 in the cif file.,mp-675118_processed.cif
input_cifs\mp-675519.cif,Swap atoms at indices 9 and 30 in the cif file.,mp-675519_processed.cif
input_cifs\mp-675778.cif,Swap atoms at indices 2 and 3 in the cif file.,mp-675778_processed.cif
input_cifs\mp-676.cif,Swap atoms at indices 4 and 1 in the cif file.,mp-676_processed.cif
input_cifs\mp-676275.cif,Swap atoms at indices 18 and 5 in the cif file.,mp-676275_processed.cif
input_cifs\mp-676816.cif,Swap atoms at indices 2 and 10 in the cif file.,mp-676816_processed.cif
input_cifs\mp-676881.cif,Swap atoms at indices 16 and 9 in the cif file.,mp-676881_processed.cif
input_cifs\mp-677725.cif,Swap atoms at indices 16 and 14 in the cif file.,mp-677725_processed.cif
input_cifs\mp-6800.cif,Swap atoms at indices 2 and 7 in the cif file.,mp-6800_processed.cif
input_cifs\mp-680260.cif,Swap atoms at indices 50 and 33 in the cif file.,mp-680260_processed.cif
input_cifs\mp-684589.cif,Swap atoms at indices 9 and 7 in the cif file.,mp-684589_processed.cif
input_cifs\mp-684710.cif,Swap atoms at indices 21 and 4 in the cif file.,mp-684710_processed.cif
input_cifs\mp-685224.cif,Swap atoms at indices 39 and 10 in the cif file.,mp-685224_processed.cif
input_cifs\mp-685418.cif,Swap atoms at indices 5 and 47 in the cif file.,mp-685418_processed.cif
input_cifs\mp-690493.cif,Swap atoms at indices 10 and 0 in the cif file.,mp-690493_processed.cif
input_cifs\mp-690517.cif,Swap atoms at indices 6 and 4 in the cif file.,mp-690517_processed.cif
input_cifs\mp-690674.cif,Swap atoms at indices 4 and 8 in the cif file.,mp-690674_processed.cif
input_cifs\mp-694979.cif,Swap atoms at indices 10 and 4 in the cif file.,mp-694979_processed.cif
input_cifs\mp-695946.cif,Swap atoms at indices 28 and 11 in the cif file.,mp-695946_processed.cif
input_cifs\mp-696298.cif,Swap atoms at indices 0 and 18 in the cif file.,mp-696298_processed.cif
input_cifs\mp-696990.cif,Swap atoms at indices 44 and 10 in the cif file.,mp-696990_processed.cif
input_cifs\mp-697075.cif,Swap atoms at indices 3 and 27 in the cif file.,mp-697075_processed.cif
input_cifs\mp-697458.cif,Swap atoms at indices 21 and 23 in the cif file.,mp-697458_processed.cif
input_cifs\mp-697721.cif,Swap atoms at indices 41 and 34 in the cif file.,mp-697721_processed.cif
input_cifs\mp-698312.cif,Swap atoms at indices 6 and 24 in the cif file.,mp-698312_processed.cif
input_cifs\mp-7022.cif,Swap atoms at indices 5 and 12 in the cif file.,mp-7022_processed.cif
input_cifs\mp-703291.cif,Swap atoms at indices 21 and 2 in the cif file.,mp-703291_processed.cif
input_cifs\mp-704116.cif,Swap atoms at indices 73 and 29 in the cif file.,mp-704116_processed.cif
input_cifs\mp-704848.cif,Swap atoms at indices 16 and 6 in the cif file.,mp-704848_processed.cif
input_cifs\mp-705312.cif,Swap atoms at indices 77 and 33 in the cif file.,mp-705312_processed.cif
input_cifs\mp-706518.cif,Swap atoms at indices 11 and 36 in the cif file.,mp-706518_processed.cif
input_cifs\mp-706524.cif,Swap atoms at indices 15 and 9 in the cif file.,mp-706524_processed.cif
input_cifs\mp-707406.cif,Swap atoms at indices 43 and 18 in the cif file.,mp-707406_processed.cif
input_cifs\mp-707744.cif,Swap atoms at indices 26 and 11 in the cif file.,mp-707744_processed.cif
input_cifs\mp-707840.cif,Swap atoms at indices 24 and 32 in the cif file.,mp-707840_processed.cif
input_cifs\mp-715457.cif,Swap atoms at indices 1 and 8 in the cif file.,mp-715457_processed.cif
input_cifs\mp-715553.cif,Swap atoms at indices 3 and 5 in the cif file.,mp-715553_processed.cif
input_cifs\mp-720104.cif,Swap atoms at indices 33 and 8 in the cif file.,mp-720104_processed.cif
input_cifs\mp-720572.cif,Swap atoms at indices 50 and 19 in the cif file.,mp-720572_processed.cif
input_cifs\mp-722790.cif,Swap atoms at indices 36 and 13 in the cif file.,mp-722790_processed.cif
input_cifs\mp-722980.cif,Swap atoms at indices 18 and 33 in the cif file.,mp-722980_processed.cif
input_cifs\mp-726672.cif,Swap atoms at indices 0 and 26 in the cif file.,mp-726672_processed.cif
input_cifs\mp-7281.cif,Swap atoms at indices 6 and 3 in the cif file.,mp-7281_processed.cif
input_cifs\mp-728374.cif,Swap atoms at indices 48 and 4 in the cif file.,mp-728374_processed.cif
input_cifs\mp-731813.cif,Swap atoms at indices 7 and 2 in the cif file.,mp-731813_processed.cif
input_cifs\mp-732021.cif,Swap atoms at indices 46 and 3 in the cif file.,mp-732021_processed.cif
input_cifs\mp-734013.cif,Swap atoms at indices 0 and 7 in the cif file.,mp-734013_processed.cif
input_cifs\mp-738609.cif,Swap atoms at indices 50 and 13 in the cif file.,mp-738609_processed.cif
input_cifs\mp-752590.cif,Swap atoms at indices 15 and 3 in the cif file.,mp-752590_processed.cif
input_cifs\mp-752623.cif,Swap atoms at indices 20 and 17 in the cif file.,mp-752623_processed.cif
input_cifs\mp-752859.cif,Swap atoms at indices 11 and 4 in the cif file.,mp-752859_processed.cif
input_cifs\mp-752896.cif,Swap atoms at indices 7 and 10 in the cif file.,mp-752896_processed.cif
input_cifs\mp-752915.cif,Swap atoms at indices 2 and 3 in the cif file.,mp-752915_processed.cif
input_cifs\mp-752916.cif,Swap atoms at indices 3 and 18 in the cif file.,mp-752916_processed.cif
input_cifs\mp-752972.cif,Swap atoms at indices 1 and 12 in the cif file.,mp-752972_processed.cif
input_cifs\mp-753000.cif,Swap atoms at indices 3 and 23 in the cif file.,mp-753000_processed.cif
input_cifs\mp-753018.cif,Swap atoms at indices 4 and 8 in the cif file.,mp-753018_processed.cif
input_cifs\mp-753047.cif,Swap atoms at indices 0 and 12 in the cif file.,mp-753047_processed.cif
input_cifs\mp-753220.cif,Swap atoms at indices 30 and 1 in the cif file.,mp-753220_processed.cif
input_cifs\mp-753282.cif,Swap atoms at indices 2 and 10 in the cif file.,mp-753282_processed.cif
input_cifs\mp-753309.cif,Swap atoms at indices 11 and 2 in the cif file.,mp-753309_processed.cif
input_cifs\mp-753322.cif,Swap atoms at indices 25 and 16 in the cif file.,mp-753322_processed.cif
input_cifs\mp-753612.cif,Swap atoms at indices 3 and 0 in the cif file.,mp-753612_processed.cif
input_cifs\mp-753724.cif,Swap atoms at indices 10 and 3 in the cif file.,mp-753724_processed.cif
input_cifs\mp-753992.cif,Swap atoms at indices 7 and 0 in the cif file.,mp-753992_processed.cif
input_cifs\mp-754070.cif,Swap atoms at indices 9 and 20 in the cif file.,mp-754070_processed.cif
input_cifs\mp-754274.cif,Swap atoms at indices 1 and 14 in the cif file.,mp-754274_processed.cif
input_cifs\mp-754345.cif,Swap atoms at indices 2 and 5 in the cif file.,mp-754345_processed.cif
input_cifs\mp-754644.cif,Swap atoms at indices 15 and 6 in the cif file.,mp-754644_processed.cif
input_cifs\mp-754745.cif,Swap atoms at indices 11 and 1 in the cif file.,mp-754745_processed.cif
input_cifs\mp-754794.cif,Swap atoms at indices 3 and 9 in the cif file.,mp-754794_processed.cif
input_cifs\mp-754886.cif,Swap atoms at indices 14 and 3 in the cif file.,mp-754886_processed.cif
input_cifs\mp-755114.cif,Swap atoms at indices 3 and 14 in the cif file.,mp-755114_processed.cif
input_cifs\mp-755229.cif,Swap atoms at indices 13 and 0 in the cif file.,mp-755229_processed.cif
input_cifs\mp-755317.cif,Swap atoms at indices 1 and 7 in the cif file.,mp-755317_processed.cif
input_cifs\mp-755498.cif,Swap atoms at indices 3 and 9 in the cif file.,mp-755498_processed.cif
input_cifs\mp-755582.cif,Swap atoms at indices 8 and 0 in the cif file.,mp-755582_processed.cif
input_cifs\mp-755926.cif,Swap atoms at indices 12 and 1 in the cif file.,mp-755926_processed.cif
input_cifs\mp-755997.cif,Swap atoms at indices 17 and 6 in the cif file.,mp-755997_processed.cif
input_cifs\mp-756062.cif,Swap atoms at indices 2 and 5 in the cif file.,mp-756062_processed.cif
input_cifs\mp-756382.cif,Swap atoms at indices 11 and 2 in the cif file.,mp-756382_processed.cif
input_cifs\mp-756670.cif,Swap atoms at indices 21 and 5 in the cif file.,mp-756670_processed.cif
input_cifs\mp-756859.cif,Swap atoms at indices 5 and 0 in the cif file.,mp-756859_processed.cif
input_cifs\mp-756990.cif,Swap atoms at indices 13 and 4 in the cif file.,mp-756990_processed.cif
input_cifs\mp-757189.cif,Swap atoms at indices 26 and 22 in the cif file.,mp-757189_processed.cif
input_cifs\mp-757311.cif,Swap atoms at indices 20 and 53 in the cif file.,mp-757311_processed.cif
input_cifs\mp-757314.cif,Swap atoms at indices 0 and 18 in the cif file.,mp-757314_processed.cif
input_cifs\mp-757440.cif,Swap atoms at indices 5 and 11 in the cif file.,mp-757440_processed.cif
input_cifs\mp-757579.cif,Swap atoms at indices 0 and 42 in the cif file.,mp-757579_processed.cif
input_cifs\mp-757665.cif,Swap atoms at indices 17 and 7 in the cif file.,mp-757665_processed.cif
input_cifs\mp-757787.cif,Swap atoms at indices 3 and 10 in the cif file.,mp-757787_processed.cif
input_cifs\mp-758534.cif,Swap atoms at indices 36 and 0 in the cif file.,mp-758534_processed.cif
input_cifs\mp-758565.cif,Swap atoms at indices 12 and 23 in the cif file.,mp-758565_processed.cif
input_cifs\mp-758722.cif,Swap atoms at indices 5 and 9 in the cif file.,mp-758722_processed.cif
input_cifs\mp-758858.cif,Swap atoms at indices 5 and 9 in the cif file.,mp-758858_processed.cif
input_cifs\mp-759080.cif,Swap atoms at indices 12 and 26 in the cif file.,mp-759080_processed.cif
input_cifs\mp-759482.cif,Swap atoms at indices 0 and 20 in the cif file.,mp-759482_processed.cif
input_cifs\mp-759507.cif,Swap atoms at indices 15 and 17 in the cif file.,mp-759507_processed.cif
input_cifs\mp-759524.cif,Swap atoms at indices 4 and 12 in the cif file.,mp-759524_processed.cif
input_cifs\mp-759607.cif,Swap atoms at indices 18 and 4 in the cif file.,mp-759607_processed.cif
input_cifs\mp-759656.cif,Swap atoms at indices 5 and 28 in the cif file.,mp-759656_processed.cif
input_cifs\mp-759790.cif,Swap atoms at indices 4 and 3 in the cif file.,mp-759790_processed.cif
input_cifs\mp-759809.cif,Swap atoms at indices 25 and 9 in the cif file.,mp-759809_processed.cif
input_cifs\mp-760193.cif,Swap atoms at indices 18 and 51 in the cif file.,mp-760193_processed.cif
input_cifs\mp-760300.cif,Swap atoms at indices 8 and 3 in the cif file.,mp-760300_processed.cif
input_cifs\mp-761082.cif,Swap atoms at indices 27 and 13 in the cif file.,mp-761082_processed.cif
input_cifs\mp-761112.cif,Swap atoms at indices 11 and 31 in the cif file.,mp-761112_processed.cif
input_cifs\mp-7614.cif,Swap atoms at indices 47 and 21 in the cif file.,mp-7614_processed.cif
input_cifs\mp-762304.cif,Swap atoms at indices 4 and 11 in the cif file.,mp-762304_processed.cif
input_cifs\mp-7625.cif,Swap atoms at indices 8 and 6 in the cif file.,mp-7625_processed.cif
input_cifs\mp-762521.cif,Swap atoms at indices 0 and 38 in the cif file.,mp-762521_processed.cif
input_cifs\mp-763259.cif,Swap atoms at indices 9 and 24 in the cif file.,mp-763259_processed.cif
input_cifs\mp-763484.cif,Swap atoms at indices 9 and 20 in the cif file.,mp-763484_processed.cif
input_cifs\mp-763920.cif,Swap atoms at indices 2 and 11 in the cif file.,mp-763920_processed.cif
input_cifs\mp-765709.cif,Swap atoms at indices 1 and 11 in the cif file.,mp-765709_processed.cif
input_cifs\mp-766040.cif,Swap atoms at indices 28 and 14 in the cif file.,mp-766040_processed.cif
input_cifs\mp-766051.cif,Swap atoms at indices 0 and 19 in the cif file.,mp-766051_processed.cif
input_cifs\mp-766137.cif,Swap atoms at indices 17 and 20 in the cif file.,mp-766137_processed.cif
input_cifs\mp-766408.cif,Swap atoms at indices 6 and 19 in the cif file.,mp-766408_processed.cif
input_cifs\mp-766447.cif,Swap atoms at indices 24 and 10 in the cif file.,mp-766447_processed.cif
input_cifs\mp-766539.cif,Swap atoms at indices 16 and 51 in the cif file.,mp-766539_processed.cif
input_cifs\mp-768276.cif,Swap atoms at indices 35 and 5 in the cif file.,mp-768276_processed.cif
input_cifs\mp-768373.cif,Swap atoms at indices 8 and 38 in the cif file.,mp-768373_processed.cif
input_cifs\mp-768854.cif,Swap atoms at indices 22 and 5 in the cif file.,mp-768854_processed.cif
input_cifs\mp-768859.cif,Swap atoms at indices 19 and 23 in the cif file.,mp-768859_processed.cif
input_cifs\mp-769049.cif,Swap atoms at indices 1 and 12 in the cif file.,mp-769049_processed.cif
input_cifs\mp-769346.cif,Swap atoms at indices 42 and 7 in the cif file.,mp-769346_processed.cif
input_cifs\mp-769383.cif,Swap atoms at indices 4 and 22 in the cif file.,mp-769383_processed.cif
input_cifs\mp-770406.cif,Swap atoms at indices 4 and 31 in the cif file.,mp-770406_processed.cif
input_cifs\mp-770508.cif,Swap atoms at indices 10 and 18 in the cif file.,mp-770508_processed.cif
input_cifs\mp-770714.cif,Swap atoms at indices 22 and 5 in the cif file.,mp-770714_processed.cif
input_cifs\mp-770847.cif,Swap atoms at indices 18 and 15 in the cif file.,mp-770847_processed.cif
input_cifs\mp-770865.cif,Swap atoms at indices 38 and 1 in the cif file.,mp-770865_processed.cif
input_cifs\mp-770898.cif,Swap atoms at indices 6 and 9 in the cif file.,mp-770898_processed.cif
input_cifs\mp-770995.cif,Swap atoms at indices 21 and 6 in the cif file.,mp-770995_processed.cif
input_cifs\mp-771674.cif,Swap atoms at indices 21 and 0 in the cif file.,mp-771674_processed.cif
input_cifs\mp-772172.cif,Swap atoms at indices 31 and 7 in the cif file.,mp-772172_processed.cif
input_cifs\mp-772550.cif,Swap atoms at indices 1 and 8 in the cif file.,mp-772550_processed.cif
input_cifs\mp-772610.cif,Swap atoms at indices 4 and 30 in the cif file.,mp-772610_processed.cif
input_cifs\mp-772749.cif,Swap atoms at indices 15 and 20 in the cif file.,mp-772749_processed.cif
input_cifs\mp-772763.cif,Swap atoms at indices 6 and 17 in the cif file.,mp-772763_processed.cif
input_cifs\mp-772999.cif,Swap atoms at indices 18 and 8 in the cif file.,mp-772999_processed.cif
input_cifs\mp-773070.cif,Swap atoms at indices 35 and 3 in the cif file.,mp-773070_processed.cif
input_cifs\mp-774146.cif,Swap atoms at indices 3 and 8 in the cif file.,mp-774146_processed.cif
input_cifs\mp-774370.cif,Swap atoms at indices 4 and 17 in the cif file.,mp-774370_processed.cif
input_cifs\mp-774459.cif,Swap atoms at indices 53 and 17 in the cif file.,mp-774459_processed.cif
input_cifs\mp-774822.cif,Swap atoms at indices 5 and 2 in the cif file.,mp-774822_processed.cif
input_cifs\mp-774929.cif,Swap atoms at indices 14 and 53 in the cif file.,mp-774929_processed.cif
input_cifs\mp-774940.cif,Swap atoms at indices 8 and 3 in the cif file.,mp-774940_processed.cif
input_cifs\mp-775126.cif,Swap atoms at indices 18 and 4 in the cif file.,mp-775126_processed.cif
input_cifs\mp-775216.cif,Swap atoms at indices 1 and 12 in the cif file.,mp-775216_processed.cif
input_cifs\mp-775224.cif,Swap atoms at indices 5 and 10 in the cif file.,mp-775224_processed.cif
input_cifs\mp-775268.cif,Swap atoms at indices 1 and 24 in the cif file.,mp-775268_processed.cif
input_cifs\mp-775340.cif,Swap atoms at indices 13 and 45 in the cif file.,mp-775340_processed.cif
input_cifs\mp-775989.cif,Swap atoms at indices 33 and 6 in the cif file.,mp-775989_processed.cif
input_cifs\mp-776097.cif,Swap atoms at indices 5 and 27 in the cif file.,mp-776097_processed.cif
input_cifs\mp-776529.cif,Swap atoms at indices 25 and 7 in the cif file.,mp-776529_processed.cif
input_cifs\mp-7767.cif,Swap atoms at indices 1 and 2 in the cif file.,mp-7767_processed.cif
input_cifs\mp-776873.cif,Swap atoms at indices 0 and 37 in the cif file.,mp-776873_processed.cif
input_cifs\mp-777288.cif,Swap atoms at indices 1 and 23 in the cif file.,mp-777288_processed.cif
input_cifs\mp-777458.cif,Swap atoms at indices 21 and 33 in the cif file.,mp-777458_processed.cif
input_cifs\mp-777764.cif,Swap atoms at indices 18 and 28 in the cif file.,mp-777764_processed.cif
input_cifs\mp-778141.cif,Swap atoms at indices 31 and 2 in the cif file.,mp-778141_processed.cif
input_cifs\mp-778158.cif,Swap atoms at indices 11 and 1 in the cif file.,mp-778158_processed.cif
input_cifs\mp-778252.cif,Swap atoms at indices 14 and 36 in the cif file.,mp-778252_processed.cif
input_cifs\mp-778260.cif,Swap atoms at indices 7 and 17 in the cif file.,mp-778260_processed.cif
input_cifs\mp-779095.cif,Swap atoms at indices 4 and 10 in the cif file.,mp-779095_processed.cif
input_cifs\mp-779789.cif,Swap atoms at indices 11 and 36 in the cif file.,mp-779789_processed.cif
input_cifs\mp-780121.cif,Swap atoms at indices 0 and 23 in the cif file.,mp-780121_processed.cif
input_cifs\mp-780175.cif,Swap atoms at indices 57 and 16 in the cif file.,mp-780175_processed.cif
input_cifs\mp-780392.cif,Swap atoms at indices 26 and 7 in the cif file.,mp-780392_processed.cif
input_cifs\mp-780797.cif,Swap atoms at indices 11 and 6 in the cif file.,mp-780797_processed.cif
input_cifs\mp-782009.cif,Swap atoms at indices 33 and 14 in the cif file.,mp-782009_processed.cif
input_cifs\mp-7926.cif,Swap atoms at indices 6 and 3 in the cif file.,mp-7926_processed.cif
input_cifs\mp-803628.cif,Swap atoms at indices 7 and 26 in the cif file.,mp-803628_processed.cif
input_cifs\mp-8058.cif,Swap atoms at indices 1 and 5 in the cif file.,mp-8058_processed.cif
input_cifs\mp-807001.cif,Swap atoms at indices 16 and 4 in the cif file.,mp-807001_processed.cif
input_cifs\mp-818638.cif,Swap atoms at indices 4 and 26 in the cif file.,mp-818638_processed.cif
input_cifs\mp-850260.cif,Swap atoms at indices 4 and 43 in the cif file.,mp-850260_processed.cif
input_cifs\mp-850784.cif,Swap atoms at indices 23 and 8 in the cif file.,mp-850784_processed.cif
input_cifs\mp-850942.cif,Swap atoms at indices 26 and 0 in the cif file.,mp-850942_processed.cif
input_cifs\mp-861324.cif,Swap atoms at indices 10 and 24 in the cif file.,mp-861324_processed.cif
input_cifs\mp-861689.cif,Swap atoms at indices 16 and 41 in the cif file.,mp-861689_processed.cif
input_cifs\mp-863022.cif,Swap atoms at indices 4 and 7 in the cif file.,mp-863022_processed.cif
input_cifs\mp-863365.cif,Swap atoms at indices 1 and 11 in the cif file.,mp-863365_processed.cif
input_cifs\mp-863428.cif,Swap atoms at indices 59 and 8 in the cif file.,mp-863428_processed.cif
input_cifs\mp-863754.cif,Swap atoms at indices 1 and 2 in the cif file.,mp-863754_processed.cif
input_cifs\mp-865205.cif,Swap atoms at indices 0 and 10 in the cif file.,mp-865205_processed.cif
input_cifs\mp-866298.cif,Swap atoms at indices 14 and 4 in the cif file.,mp-866298_processed.cif
input_cifs\mp-866520.cif,Swap atoms at indices 6 and 8 in the cif file.,mp-866520_processed.cif
input_cifs\mp-867606.cif,Swap atoms at indices 13 and 10 in the cif file.,mp-867606_processed.cif
input_cifs\mp-881189.cif,Swap atoms at indices 6 and 12 in the cif file.,mp-881189_processed.cif
input_cifs\mp-9275.cif,Swap atoms at indices 7 and 52 in the cif file.,mp-9275_processed.cif
input_cifs\mp-9324.cif,Swap atoms at indices 11 and 7 in the cif file.,mp-9324_processed.cif
input_cifs\mp-935710.cif,Swap atoms at indices 16 and 5 in the cif file.,mp-935710_processed.cif
input_cifs\mp-9403.cif,Swap atoms at indices 53 and 10 in the cif file.,mp-9403_processed.cif
input_cifs\mp-9417.cif,Swap atoms at indices 3 and 7 in the cif file.,mp-9417_processed.cif
input_cifs\mp-978989.cif,Swap atoms at indices 17 and 8 in the cif file.,mp-978989_processed.cif
input_cifs\mp-979264.cif,Swap atoms at indices 19 and 13 in the cif file.,mp-979264_processed.cif
input_cifs\mp-982385.cif,Swap atoms at indices 17 and 9 in the cif file.,mp-982385_processed.cif
input_cifs\mp-985468.cif,Swap atoms at indices 10 and 0 in the cif file.,mp-985468_processed.cif
input_cifs\mp-991772.cif,Swap atoms at indices 8 and 1 in the cif file.,mp-991772_processed.cif
input_cifs\mp-997585.cif,Swap atoms at indices 5 and 27 in the cif file.,mp-997585_processed.cif
input_cifs\mp-998746.cif,Swap atoms at indices 5 and 18 in the cif file.,mp-998746_processed.cif
